Ligand,Base,Solvent,Concentration,Temperature,Yield,Cost
BrettPhos,KOAc,BuOAc,0.1,90,20.73,0.15759293
BrettPhos,KOAc,BuOAc,0.1,105,17.09,0.157572457
BrettPhos,KOAc,BuOAc,0.1,120,25.86,0.157621784
BrettPhos,KOAc,BuOAc,0.057,90,17.54,0.176132882
BrettPhos,KOAc,BuOAc,0.057,105,16.39,0.176126414
BrettPhos,KOAc,BuOAc,0.057,120,27.16,0.176186991
BrettPhos,KOAc,BuOAc,0.153,90,15.36,0.149041157
BrettPhos,KOAc,BuOAc,0.153,105,17.26,0.149051844
BrettPhos,KOAc,BuOAc,0.153,120,18.26,0.149057469
BrettPhos,KOAc,BuCN,0.1,90,9.66,0.163656182
BrettPhos,KOAc,BuCN,0.1,105,18.44,0.163723596
BrettPhos,KOAc,BuCN,0.1,120,29.25,0.163806598
BrettPhos,KOAc,BuCN,0.057,90,6.26,0.186487971
BrettPhos,KOAc,BuCN,0.057,105,6,0.186485974
BrettPhos,KOAc,BuCN,0.057,120,17,0.186570434
BrettPhos,KOAc,BuCN,0.153,90,12.07,0.153178608
BrettPhos,KOAc,BuCN,0.153,105,22.3,0.153257156
BrettPhos,KOAc,BuCN,0.153,120,25.77,0.153283799
BrettPhos,KOAc,p-Xylene,0.1,90,17.92,0.148151625
BrettPhos,KOAc,p-Xylene,0.1,105,16.44,0.148146224
BrettPhos,KOAc,p-Xylene,0.1,120,18.55,0.148153925
BrettPhos,KOAc,p-Xylene,0.057,90,12.39,0.159899863
BrettPhos,KOAc,p-Xylene,0.057,105,13.19,0.159902783
BrettPhos,KOAc,p-Xylene,0.057,120,8.69,0.159886359
BrettPhos,KOAc,p-Xylene,0.153,90,13.85,0.142732849
BrettPhos,KOAc,p-Xylene,0.153,105,16.87,0.142743871
BrettPhos,KOAc,p-Xylene,0.153,120,18.89,0.142751244
BrettPhos,KOAc,DMAc,0.1,90,5.22,0.145774761
BrettPhos,KOAc,DMAc,0.1,105,5.47,0.145775482
BrettPhos,KOAc,DMAc,0.1,120,5.03,0.145774213
BrettPhos,KOAc,DMAc,0.057,90,3.6,0.155897722
BrettPhos,KOAc,DMAc,0.057,105,2.41,0.155894292
BrettPhos,KOAc,DMAc,0.057,120,3.14,0.155896396
BrettPhos,KOAc,DMAc,0.153,90,5.75,0.141125799
BrettPhos,KOAc,DMAc,0.153,105,5.49,0.141125049
BrettPhos,KOAc,DMAc,0.153,120,5.95,0.141126375
BrettPhos,CsOAc,BuOAc,0.1,90,29.21,0.203141073
BrettPhos,CsOAc,BuOAc,0.1,105,26.64,0.203126617
BrettPhos,CsOAc,BuOAc,0.1,120,35.91,0.203178757
BrettPhos,CsOAc,BuOAc,0.057,90,22.92,0.221663589
BrettPhos,CsOAc,BuOAc,0.057,105,27.71,0.22169053
BrettPhos,CsOAc,BuOAc,0.057,120,30.02,0.221703523
BrettPhos,CsOAc,BuOAc,0.153,90,17.16,0.194551728
BrettPhos,CsOAc,BuOAc,0.153,105,20.35,0.19456967
BrettPhos,CsOAc,BuOAc,0.153,120,20.6,0.194571076
BrettPhos,CsOAc,BuCN,0.1,90,48.21,0.209452622
BrettPhos,CsOAc,BuCN,0.1,105,64.48,0.209577546
BrettPhos,CsOAc,BuCN,0.1,120,69.13,0.20961325
BrettPhos,CsOAc,BuCN,0.057,90,36.72,0.232222295
BrettPhos,CsOAc,BuCN,0.057,105,45.11,0.232286715
BrettPhos,CsOAc,BuCN,0.057,120,54.26,0.23235697
BrettPhos,CsOAc,BuCN,0.153,90,28.02,0.198801521
BrettPhos,CsOAc,BuCN,0.153,105,73.08,0.1991475
BrettPhos,CsOAc,BuCN,0.153,120,69.03,0.199116404
BrettPhos,CsOAc,p-Xylene,0.1,90,42.45,0.1937416
BrettPhos,CsOAc,p-Xylene,0.1,105,40.03,0.193732767
BrettPhos,CsOAc,p-Xylene,0.1,120,28.93,0.193692255
BrettPhos,CsOAc,p-Xylene,0.057,90,25.62,0.205448596
BrettPhos,CsOAc,p-Xylene,0.057,105,36.14,0.205486991
BrettPhos,CsOAc,p-Xylene,0.057,120,38.44,0.205495385
BrettPhos,CsOAc,p-Xylene,0.153,90,41.03,0.188332496
BrettPhos,CsOAc,p-Xylene,0.153,105,44.16,0.188343919
BrettPhos,CsOAc,p-Xylene,0.153,120,43.9,0.18834297
BrettPhos,CsOAc,DMAc,0.1,90,4.23,0.191272353
BrettPhos,CsOAc,DMAc,0.1,105,4.74,0.191273824
BrettPhos,CsOAc,DMAc,0.1,120,4.08,0.191271921
BrettPhos,CsOAc,DMAc,0.057,90,1.96,0.201393441
BrettPhos,CsOAc,DMAc,0.057,105,1.85,0.201393124
BrettPhos,CsOAc,DMAc,0.057,120,1.68,0.201392634
BrettPhos,CsOAc,DMAc,0.153,90,6.26,0.186627715
BrettPhos,CsOAc,DMAc,0.153,105,7.34,0.186630829
BrettPhos,CsOAc,DMAc,0.153,120,7.43,0.186631088
BrettPhos,KOPiv,BuOAc,0.1,90,30.95,0.156556113
BrettPhos,KOPiv,BuOAc,0.1,105,49.22,0.156658874
BrettPhos,KOPiv,BuOAc,0.1,120,43.18,0.156624902
BrettPhos,KOPiv,BuOAc,0.057,90,61.94,0.175288313
BrettPhos,KOPiv,BuOAc,0.057,105,48.88,0.175214857
BrettPhos,KOPiv,BuOAc,0.057,120,66.9,0.175316211
BrettPhos,KOPiv,BuOAc,0.153,90,42.48,0.148099396
BrettPhos,KOPiv,BuOAc,0.153,105,33.97,0.148051531
BrettPhos,KOPiv,BuOAc,0.153,120,36.18,0.148063961
BrettPhos,KOPiv,BuCN,0.1,90,39.5,0.162790999
BrettPhos,KOPiv,BuCN,0.1,105,56.05,0.162918073
BrettPhos,KOPiv,BuCN,0.1,120,50.79,0.162877686
BrettPhos,KOPiv,BuCN,0.057,90,29.57,0.18557265
BrettPhos,KOPiv,BuCN,0.057,105,29.14,0.185569348
BrettPhos,KOPiv,BuCN,0.057,120,50.55,0.185733738
BrettPhos,KOPiv,BuCN,0.153,90,13.31,0.152093829
BrettPhos,KOPiv,BuCN,0.153,105,58.95,0.152444261
BrettPhos,KOPiv,BuCN,0.153,120,58.48,0.152440653
BrettPhos,KOPiv,p-Xylene,0.1,90,38.12,0.14713105
BrettPhos,KOPiv,p-Xylene,0.1,105,29.17,0.147098385
BrettPhos,KOPiv,p-Xylene,0.1,120,37.36,0.147128277
BrettPhos,KOPiv,p-Xylene,0.057,90,38.68,0.158901515
BrettPhos,KOPiv,p-Xylene,0.057,105,29.85,0.158869288
BrettPhos,KOPiv,p-Xylene,0.057,120,43.05,0.158917465
BrettPhos,KOPiv,p-Xylene,0.153,90,38.45,0.141728333
BrettPhos,KOPiv,p-Xylene,0.153,105,40.76,0.141736764
BrettPhos,KOPiv,p-Xylene,0.153,120,49.57,0.141768918
BrettPhos,KOPiv,DMAc,0.1,90,0,0.144665413
BrettPhos,KOPiv,DMAc,0.1,105,0.07,0.144665615
BrettPhos,KOPiv,DMAc,0.1,120,0.26,0.144666163
BrettPhos,KOPiv,DMAc,0.057,90,0,0.154793045
BrettPhos,KOPiv,DMAc,0.057,105,0,0.154793045
BrettPhos,KOPiv,DMAc,0.057,120,0,0.154793045
BrettPhos,KOPiv,DMAc,0.153,90,0.66,0.140016826
BrettPhos,KOPiv,DMAc,0.153,105,0.74,0.140017056
BrettPhos,KOPiv,DMAc,0.153,120,0.89,0.140017489
BrettPhos,CsOPiv,BuOAc,0.1,90,23.75,0.243983628
BrettPhos,CsOPiv,BuOAc,0.1,105,27.48,0.244004608
BrettPhos,CsOPiv,BuOAc,0.1,120,51.99,0.244142466
BrettPhos,CsOPiv,BuOAc,0.057,90,28.74,0.26256959
BrettPhos,CsOPiv,BuOAc,0.057,105,49.23,0.262684837
BrettPhos,CsOPiv,BuOAc,0.057,120,33.65,0.262597206
BrettPhos,CsOPiv,BuOAc,0.153,90,21.5,0.235449405
BrettPhos,CsOPiv,BuOAc,0.153,105,24.56,0.235466616
BrettPhos,CsOPiv,BuOAc,0.153,120,25.67,0.235472859
BrettPhos,CsOPiv,BuCN,0.1,90,48.64,0.25032919
BrettPhos,CsOPiv,BuCN,0.1,105,55.41,0.250381171
BrettPhos,CsOPiv,BuCN,0.1,120,46.53,0.250312989
BrettPhos,CsOPiv,BuCN,0.057,90,37.58,0.273102164
BrettPhos,CsOPiv,BuCN,0.057,105,39.86,0.27311967
BrettPhos,CsOPiv,BuCN,0.057,120,42.63,0.273140939
BrettPhos,CsOPiv,BuCN,0.153,90,54.55,0.239878489
BrettPhos,CsOPiv,BuCN,0.153,105,56.5,0.239893462
BrettPhos,CsOPiv,BuCN,0.153,120,53.81,0.239872808
BrettPhos,CsOPiv,p-Xylene,0.1,90,19.39,0.234530703
BrettPhos,CsOPiv,p-Xylene,0.1,105,21.54,0.23453855
BrettPhos,CsOPiv,p-Xylene,0.1,120,25.35,0.234552455
BrettPhos,CsOPiv,p-Xylene,0.057,90,21.8,0.24630792
BrettPhos,CsOPiv,p-Xylene,0.057,105,23.53,0.246314234
BrettPhos,CsOPiv,p-Xylene,0.057,120,26.52,0.246325146
BrettPhos,CsOPiv,p-Xylene,0.153,90,23.57,0.229142037
BrettPhos,CsOPiv,p-Xylene,0.153,105,24.76,0.22914638
BrettPhos,CsOPiv,p-Xylene,0.153,120,26.29,0.229151964
BrettPhos,CsOPiv,DMAc,0.1,90,0,0.232133425
BrettPhos,CsOPiv,DMAc,0.1,105,0,0.232133425
BrettPhos,CsOPiv,DMAc,0.1,120,0,0.232133425
BrettPhos,CsOPiv,DMAc,0.057,90,0,0.242261057
BrettPhos,CsOPiv,DMAc,0.057,105,0,0.242261057
BrettPhos,CsOPiv,DMAc,0.057,120,0,0.242261057
BrettPhos,CsOPiv,DMAc,0.153,90,0,0.227482935
BrettPhos,CsOPiv,DMAc,0.153,105,0,0.227482935
BrettPhos,CsOPiv,DMAc,0.153,120,0,0.227482935
PPhtBu2,KOAc,BuOAc,0.1,90,0,0.05491753
PPhtBu2,KOAc,BuOAc,0.1,105,0,0.05491753
PPhtBu2,KOAc,BuOAc,0.1,120,0,0.05491753
PPhtBu2,KOAc,BuOAc,0.057,90,0,0.073475425
PPhtBu2,KOAc,BuOAc,0.057,105,0,0.073475425
PPhtBu2,KOAc,BuOAc,0.057,120,0,0.073475425
PPhtBu2,KOAc,BuOAc,0.153,90,0,0.046395962
PPhtBu2,KOAc,BuOAc,0.153,105,0,0.046395962
PPhtBu2,KOAc,BuOAc,0.153,120,0,0.046395962
PPhtBu2,KOAc,BuCN,0.1,90,0,0.061023208
PPhtBu2,KOAc,BuCN,0.1,105,0,0.061023208
PPhtBu2,KOAc,BuCN,0.1,120,0,0.061023208
PPhtBu2,KOAc,BuCN,0.057,90,0,0.083881103
PPhtBu2,KOAc,BuCN,0.057,105,0,0.083881103
PPhtBu2,KOAc,BuCN,0.057,120,0,0.083881103
PPhtBu2,KOAc,BuCN,0.153,90,0,0.05052713
PPhtBu2,KOAc,BuCN,0.153,105,0,0.05052713
PPhtBu2,KOAc,BuCN,0.153,120,0,0.05052713
PPhtBu2,KOAc,p-Xylene,0.1,90,0,0.045527419
PPhtBu2,KOAc,p-Xylene,0.1,105,0,0.045527419
PPhtBu2,KOAc,p-Xylene,0.1,120,0,0.045527419
PPhtBu2,KOAc,p-Xylene,0.057,90,0,0.05729584
PPhtBu2,KOAc,p-Xylene,0.057,105,0,0.05729584
PPhtBu2,KOAc,p-Xylene,0.057,120,0,0.05729584
PPhtBu2,KOAc,p-Xylene,0.153,90,0,0.040123498
PPhtBu2,KOAc,p-Xylene,0.153,105,0,0.040123498
PPhtBu2,KOAc,p-Xylene,0.153,120,0,0.040123498
PPhtBu2,KOAc,DMAc,0.1,90,0,0.04320091
PPhtBu2,KOAc,DMAc,0.1,105,0,0.04320091
PPhtBu2,KOAc,DMAc,0.1,120,7.71,0.043223137
PPhtBu2,KOAc,DMAc,0.057,90,0,0.053328542
PPhtBu2,KOAc,DMAc,0.057,105,0.12,0.053328888
PPhtBu2,KOAc,DMAc,0.057,120,2.13,0.053334682
PPhtBu2,KOAc,DMAc,0.153,90,0,0.03855042
PPhtBu2,KOAc,DMAc,0.153,105,0,0.03855042
PPhtBu2,KOAc,DMAc,0.153,120,4.3,0.038562816
PPhtBu2,CsOAc,BuOAc,0.1,90,0,0.100417976
PPhtBu2,CsOAc,BuOAc,0.1,105,0,0.100417976
PPhtBu2,CsOAc,BuOAc,0.1,120,0,0.100417976
PPhtBu2,CsOAc,BuOAc,0.057,90,0,0.118975871
PPhtBu2,CsOAc,BuOAc,0.057,105,0,0.118975871
PPhtBu2,CsOAc,BuOAc,0.057,120,0,0.118975871
PPhtBu2,CsOAc,BuOAc,0.153,90,0,0.091896408
PPhtBu2,CsOAc,BuOAc,0.153,105,0,0.091896408
PPhtBu2,CsOAc,BuOAc,0.153,120,0,0.091896408
PPhtBu2,CsOAc,BuCN,0.1,90,0,0.106523654
PPhtBu2,CsOAc,BuCN,0.1,105,0,0.106523654
PPhtBu2,CsOAc,BuCN,0.1,120,0,0.106523654
PPhtBu2,CsOAc,BuCN,0.057,90,0,0.129381549
PPhtBu2,CsOAc,BuCN,0.057,105,0,0.129381549
PPhtBu2,CsOAc,BuCN,0.057,120,0,0.129381549
PPhtBu2,CsOAc,BuCN,0.153,90,0,0.096027576
PPhtBu2,CsOAc,BuCN,0.153,105,0,0.096027576
PPhtBu2,CsOAc,BuCN,0.153,120,0,0.096027576
PPhtBu2,CsOAc,p-Xylene,0.1,90,0,0.091027866
PPhtBu2,CsOAc,p-Xylene,0.1,105,0,0.091027866
PPhtBu2,CsOAc,p-Xylene,0.1,120,0,0.091027866
PPhtBu2,CsOAc,p-Xylene,0.057,90,0,0.102796287
PPhtBu2,CsOAc,p-Xylene,0.057,105,0,0.102796287
PPhtBu2,CsOAc,p-Xylene,0.057,120,0,0.102796287
PPhtBu2,CsOAc,p-Xylene,0.153,90,0,0.085623944
PPhtBu2,CsOAc,p-Xylene,0.153,105,0,0.085623944
PPhtBu2,CsOAc,p-Xylene,0.153,120,0,0.085623944
PPhtBu2,CsOAc,DMAc,0.1,90,0,0.088701357
PPhtBu2,CsOAc,DMAc,0.1,105,0,0.088701357
PPhtBu2,CsOAc,DMAc,0.1,120,12.35,0.088736959
PPhtBu2,CsOAc,DMAc,0.057,90,0,0.098828988
PPhtBu2,CsOAc,DMAc,0.057,105,0,0.098828988
PPhtBu2,CsOAc,DMAc,0.057,120,1.62,0.098833658
PPhtBu2,CsOAc,DMAc,0.153,90,0,0.084050866
PPhtBu2,CsOAc,DMAc,0.153,105,0,0.084050866
PPhtBu2,CsOAc,DMAc,0.153,120,0.51,0.084052337
PPhtBu2,KOPiv,BuOAc,0.1,90,0,0.05382323
PPhtBu2,KOPiv,BuOAc,0.1,105,0,0.05382323
PPhtBu2,KOPiv,BuOAc,0.1,120,0,0.05382323
PPhtBu2,KOPiv,BuOAc,0.057,90,0,0.072381125
PPhtBu2,KOPiv,BuOAc,0.057,105,0,0.072381125
PPhtBu2,KOPiv,BuOAc,0.057,120,0,0.072381125
PPhtBu2,KOPiv,BuOAc,0.153,90,0,0.045301662
PPhtBu2,KOPiv,BuOAc,0.153,105,0,0.045301662
PPhtBu2,KOPiv,BuOAc,0.153,120,0,0.045301662
PPhtBu2,KOPiv,BuCN,0.1,90,0.95,0.059936203
PPhtBu2,KOPiv,BuCN,0.1,105,0,0.059928908
PPhtBu2,KOPiv,BuCN,0.1,120,0,0.059928908
PPhtBu2,KOPiv,BuCN,0.057,90,0,0.082786803
PPhtBu2,KOPiv,BuCN,0.057,105,0,0.082786803
PPhtBu2,KOPiv,BuCN,0.057,120,0,0.082786803
PPhtBu2,KOPiv,BuCN,0.153,90,0,0.04943283
PPhtBu2,KOPiv,BuCN,0.153,105,0,0.04943283
PPhtBu2,KOPiv,BuCN,0.153,120,0,0.04943283
PPhtBu2,KOPiv,p-Xylene,0.1,90,0,0.04443312
PPhtBu2,KOPiv,p-Xylene,0.1,105,0,0.04443312
PPhtBu2,KOPiv,p-Xylene,0.1,120,0,0.04443312
PPhtBu2,KOPiv,p-Xylene,0.057,90,0,0.056201541
PPhtBu2,KOPiv,p-Xylene,0.057,105,0,0.056201541
PPhtBu2,KOPiv,p-Xylene,0.057,120,0,0.056201541
PPhtBu2,KOPiv,p-Xylene,0.153,90,0,0.039029198
PPhtBu2,KOPiv,p-Xylene,0.153,105,0,0.039029198
PPhtBu2,KOPiv,p-Xylene,0.153,120,0,0.039029198
PPhtBu2,KOPiv,DMAc,0.1,90,0,0.042106611
PPhtBu2,KOPiv,DMAc,0.1,105,0,0.042106611
PPhtBu2,KOPiv,DMAc,0.1,120,28.53,0.042188856
PPhtBu2,KOPiv,DMAc,0.057,90,0,0.052234242
PPhtBu2,KOPiv,DMAc,0.057,105,0,0.052234242
PPhtBu2,KOPiv,DMAc,0.057,120,2.82,0.052242372
PPhtBu2,KOPiv,DMAc,0.153,90,0,0.03745612
PPhtBu2,KOPiv,DMAc,0.153,105,0,0.03745612
PPhtBu2,KOPiv,DMAc,0.153,120,0,0.03745612
PPhtBu2,CsOPiv,BuOAc,0.1,90,0,0.141291242
PPhtBu2,CsOPiv,BuOAc,0.1,105,0,0.141291242
PPhtBu2,CsOPiv,BuOAc,0.1,120,0,0.141291242
PPhtBu2,CsOPiv,BuOAc,0.057,90,0,0.159849137
PPhtBu2,CsOPiv,BuOAc,0.057,105,0,0.159849137
PPhtBu2,CsOPiv,BuOAc,0.057,120,0,0.159849137
PPhtBu2,CsOPiv,BuOAc,0.153,90,0,0.132769674
PPhtBu2,CsOPiv,BuOAc,0.153,105,0,0.132769674
PPhtBu2,CsOPiv,BuOAc,0.153,120,0,0.132769674
PPhtBu2,CsOPiv,BuCN,0.1,90,0,0.14739692
PPhtBu2,CsOPiv,BuCN,0.1,105,0,0.14739692
PPhtBu2,CsOPiv,BuCN,0.1,120,0,0.14739692
PPhtBu2,CsOPiv,BuCN,0.057,90,0,0.170254815
PPhtBu2,CsOPiv,BuCN,0.057,105,0,0.170254815
PPhtBu2,CsOPiv,BuCN,0.057,120,0,0.170254815
PPhtBu2,CsOPiv,BuCN,0.153,90,0,0.136900842
PPhtBu2,CsOPiv,BuCN,0.153,105,0,0.136900842
PPhtBu2,CsOPiv,BuCN,0.153,120,0,0.136900842
PPhtBu2,CsOPiv,p-Xylene,0.1,90,0,0.131901132
PPhtBu2,CsOPiv,p-Xylene,0.1,105,0,0.131901132
PPhtBu2,CsOPiv,p-Xylene,0.1,120,0,0.131901132
PPhtBu2,CsOPiv,p-Xylene,0.057,90,0,0.143669553
PPhtBu2,CsOPiv,p-Xylene,0.057,105,0,0.143669553
PPhtBu2,CsOPiv,p-Xylene,0.057,120,0,0.143669553
PPhtBu2,CsOPiv,p-Xylene,0.153,90,0,0.12649721
PPhtBu2,CsOPiv,p-Xylene,0.153,105,0,0.12649721
PPhtBu2,CsOPiv,p-Xylene,0.153,120,0,0.12649721
PPhtBu2,CsOPiv,DMAc,0.1,90,0,0.129574623
PPhtBu2,CsOPiv,DMAc,0.1,105,0,0.129574623
PPhtBu2,CsOPiv,DMAc,0.1,120,1.31,0.129578399
PPhtBu2,CsOPiv,DMAc,0.057,90,0,0.139702254
PPhtBu2,CsOPiv,DMAc,0.057,105,0,0.139702254
PPhtBu2,CsOPiv,DMAc,0.057,120,0,0.139702254
PPhtBu2,CsOPiv,DMAc,0.153,90,0,0.124924132
PPhtBu2,CsOPiv,DMAc,0.153,105,0,0.124924132
PPhtBu2,CsOPiv,DMAc,0.153,120,0,0.124924132
tBPh-CPhos,KOAc,BuOAc,0.1,90,0,0.280628815
tBPh-CPhos,KOAc,BuOAc,0.1,105,0,0.280628815
tBPh-CPhos,KOAc,BuOAc,0.1,120,0,0.280628815
tBPh-CPhos,KOAc,BuOAc,0.057,90,2.72,0.299202009
tBPh-CPhos,KOAc,BuOAc,0.057,105,2.85,0.29920274
tBPh-CPhos,KOAc,BuOAc,0.057,120,6.22,0.299221695
tBPh-CPhos,KOAc,BuOAc,0.153,90,3.68,0.272127945
tBPh-CPhos,KOAc,BuOAc,0.153,105,0,0.272107247
tBPh-CPhos,KOAc,BuOAc,0.153,120,0,0.272107247
tBPh-CPhos,KOAc,BuCN,0.1,90,4.61,0.286769889
tBPh-CPhos,KOAc,BuCN,0.1,105,6.17,0.286781867
tBPh-CPhos,KOAc,BuCN,0.1,120,8.4,0.28679899
tBPh-CPhos,KOAc,BuCN,0.057,90,5.62,0.309635539
tBPh-CPhos,KOAc,BuCN,0.057,105,6.57,0.309642833
tBPh-CPhos,KOAc,BuCN,0.057,120,8.52,0.309657806
tBPh-CPhos,KOAc,BuCN,0.153,90,4.97,0.276276575
tBPh-CPhos,KOAc,BuCN,0.153,105,6.88,0.276291241
tBPh-CPhos,KOAc,BuCN,0.153,120,7.65,0.276297153
tBPh-CPhos,KOAc,p-Xylene,0.1,90,7.34,0.271265493
tBPh-CPhos,KOAc,p-Xylene,0.1,105,6.39,0.271262026
tBPh-CPhos,KOAc,p-Xylene,0.1,120,5.69,0.271259471
tBPh-CPhos,KOAc,p-Xylene,0.057,90,6.98,0.283032601
tBPh-CPhos,KOAc,p-Xylene,0.057,105,6.45,0.283030666
tBPh-CPhos,KOAc,p-Xylene,0.057,120,0.15,0.283007673
tBPh-CPhos,KOAc,p-Xylene,0.153,90,9.79,0.265870514
tBPh-CPhos,KOAc,p-Xylene,0.153,105,8.3,0.265865076
tBPh-CPhos,KOAc,p-Xylene,0.153,120,8.61,0.265866207
tBPh-CPhos,KOAc,DMAc,0.1,90,47.03,0.269047772
tBPh-CPhos,KOAc,DMAc,0.1,105,78.95,0.269139791
tBPh-CPhos,KOAc,DMAc,0.1,120,82.09,0.269148843
tBPh-CPhos,KOAc,DMAc,0.057,90,57.27,0.279204924
tBPh-CPhos,KOAc,DMAc,0.057,105,68.71,0.279237903
tBPh-CPhos,KOAc,DMAc,0.057,120,88.89,0.279296077
tBPh-CPhos,KOAc,DMAc,0.153,90,37.38,0.264369463
tBPh-CPhos,KOAc,DMAc,0.153,105,57.33,0.264426975
tBPh-CPhos,KOAc,DMAc,0.153,120,76.59,0.264482497
tBPh-CPhos,CsOAc,BuOAc,0.1,90,0,0.326129261
tBPh-CPhos,CsOAc,BuOAc,0.1,105,0,0.326129261
tBPh-CPhos,CsOAc,BuOAc,0.1,120,0,0.326129261
tBPh-CPhos,CsOAc,BuOAc,0.057,90,7.84,0.344731253
tBPh-CPhos,CsOAc,BuOAc,0.057,105,10.39,0.344745595
tBPh-CPhos,CsOAc,BuOAc,0.057,120,4.85,0.344714435
tBPh-CPhos,CsOAc,BuOAc,0.153,90,7.74,0.317651227
tBPh-CPhos,CsOAc,BuOAc,0.153,105,0,0.317607693
tBPh-CPhos,CsOAc,BuOAc,0.153,120,0,0.317607693
tBPh-CPhos,CsOAc,BuCN,0.1,90,6.27,0.332283081
tBPh-CPhos,CsOAc,BuCN,0.1,105,5.88,0.332280087
tBPh-CPhos,CsOAc,BuCN,0.1,120,7.69,0.332293985
tBPh-CPhos,CsOAc,BuCN,0.057,90,6.57,0.35514328
tBPh-CPhos,CsOAc,BuCN,0.057,105,5.6,0.355135832
tBPh-CPhos,CsOAc,BuCN,0.057,120,7.42,0.355149806
tBPh-CPhos,CsOAc,BuCN,0.153,90,0,0.321738861
tBPh-CPhos,CsOAc,BuCN,0.153,105,6.4,0.321788001
tBPh-CPhos,CsOAc,BuCN,0.153,120,8.82,0.321806582
tBPh-CPhos,CsOAc,p-Xylene,0.1,90,20.04,0.316812291
tBPh-CPhos,CsOAc,p-Xylene,0.1,105,19.51,0.316810357
tBPh-CPhos,CsOAc,p-Xylene,0.1,120,16.09,0.316797875
tBPh-CPhos,CsOAc,p-Xylene,0.057,90,16.76,0.328568741
tBPh-CPhos,CsOAc,p-Xylene,0.057,105,14.43,0.328560237
tBPh-CPhos,CsOAc,p-Xylene,0.057,120,15.98,0.328565895
tBPh-CPhos,CsOAc,p-Xylene,0.153,90,17.53,0.311399209
tBPh-CPhos,CsOAc,p-Xylene,0.153,105,20.31,0.311409355
tBPh-CPhos,CsOAc,p-Xylene,0.153,120,22.08,0.311415815
tBPh-CPhos,CsOAc,DMAc,0.1,90,17.74,0.314463782
tBPh-CPhos,CsOAc,DMAc,0.1,105,29.31,0.314497136
tBPh-CPhos,CsOAc,DMAc,0.1,120,62.6,0.314593104
tBPh-CPhos,CsOAc,DMAc,0.057,90,31.18,0.324630158
tBPh-CPhos,CsOAc,DMAc,0.057,105,42.43,0.32466259
tBPh-CPhos,CsOAc,DMAc,0.057,120,66.84,0.324732958
tBPh-CPhos,CsOAc,DMAc,0.153,90,12.44,0.309798013
tBPh-CPhos,CsOAc,DMAc,0.153,105,20.73,0.309821911
tBPh-CPhos,CsOAc,DMAc,0.153,120,32.21,0.309855006
tBPh-CPhos,KOPiv,BuOAc,0.1,90,0,0.279534515
tBPh-CPhos,KOPiv,BuOAc,0.1,105,22.75,0.279662474
tBPh-CPhos,KOPiv,BuOAc,0.1,120,0,0.279534515
tBPh-CPhos,KOPiv,BuOAc,0.057,90,17.9,0.29819309
tBPh-CPhos,KOPiv,BuOAc,0.057,105,11.64,0.29815788
tBPh-CPhos,KOPiv,BuOAc,0.057,120,3.88,0.298114234
tBPh-CPhos,KOPiv,BuOAc,0.153,90,11.24,0.271076167
tBPh-CPhos,KOPiv,BuOAc,0.153,105,0,0.271012947
tBPh-CPhos,KOPiv,BuOAc,0.153,120,14.01,0.271091747
tBPh-CPhos,KOPiv,BuCN,0.1,90,6.69,0.28569156
tBPh-CPhos,KOPiv,BuCN,0.1,105,6.39,0.285689257
tBPh-CPhos,KOPiv,BuCN,0.1,120,6.44,0.285689641
tBPh-CPhos,KOPiv,BuCN,0.057,90,5.62,0.308541239
tBPh-CPhos,KOPiv,BuCN,0.057,105,5.77,0.308542391
tBPh-CPhos,KOPiv,BuCN,0.057,120,6.2,0.308545693
tBPh-CPhos,KOPiv,BuCN,0.153,90,5.65,0.275187497
tBPh-CPhos,KOPiv,BuCN,0.153,105,10.05,0.275221281
tBPh-CPhos,KOPiv,BuCN,0.153,120,9.61,0.275217902
tBPh-CPhos,KOPiv,p-Xylene,0.1,90,23.22,0.270229152
tBPh-CPhos,KOPiv,p-Xylene,0.1,105,14.92,0.270198859
tBPh-CPhos,KOPiv,p-Xylene,0.1,120,20.87,0.270220575
tBPh-CPhos,KOPiv,p-Xylene,0.057,90,19.77,0.281984981
tBPh-CPhos,KOPiv,p-Xylene,0.057,105,21.43,0.28199104
tBPh-CPhos,KOPiv,p-Xylene,0.057,120,18.22,0.281979324
tBPh-CPhos,KOPiv,p-Xylene,0.153,90,24.02,0.26482815
tBPh-CPhos,KOPiv,p-Xylene,0.153,105,47.33,0.264913225
tBPh-CPhos,KOPiv,p-Xylene,0.153,120,29.39,0.264847749
tBPh-CPhos,KOPiv,DMAc,0.1,90,10.12,0.267847069
tBPh-CPhos,KOPiv,DMAc,0.1,105,28.64,0.267900458
tBPh-CPhos,KOPiv,DMAc,0.1,120,68.33,0.268014876
tBPh-CPhos,KOPiv,DMAc,0.057,90,12.23,0.277980784
tBPh-CPhos,KOPiv,DMAc,0.057,105,18.42,0.277998628
tBPh-CPhos,KOPiv,DMAc,0.057,120,55.96,0.278106848
tBPh-CPhos,KOPiv,DMAc,0.153,90,8.5,0.263191909
tBPh-CPhos,KOPiv,DMAc,0.153,105,24.8,0.263238898
tBPh-CPhos,KOPiv,DMAc,0.153,120,45.01,0.263297159
tBPh-CPhos,CsOPiv,BuOAc,0.1,90,0,0.367002527
tBPh-CPhos,CsOPiv,BuOAc,0.1,105,15.16,0.367087796
tBPh-CPhos,CsOPiv,BuOAc,0.1,120,19.42,0.367111757
tBPh-CPhos,CsOPiv,BuOAc,0.057,90,16.51,0.385653284
tBPh-CPhos,CsOPiv,BuOAc,0.057,105,11.3,0.38562398
tBPh-CPhos,CsOPiv,BuOAc,0.057,120,8.24,0.385606769
tBPh-CPhos,CsOPiv,BuOAc,0.153,90,8.72,0.358530005
tBPh-CPhos,CsOPiv,BuOAc,0.153,105,0,0.358480959
tBPh-CPhos,CsOPiv,BuOAc,0.153,120,0,0.358480959
tBPh-CPhos,CsOPiv,BuCN,0.1,90,5.29,0.373148823
tBPh-CPhos,CsOPiv,BuCN,0.1,105,5.41,0.373149744
tBPh-CPhos,CsOPiv,BuCN,0.1,120,5.3,0.3731489
tBPh-CPhos,CsOPiv,BuCN,0.057,90,4.89,0.396003646
tBPh-CPhos,CsOPiv,BuCN,0.057,105,5.06,0.396004952
tBPh-CPhos,CsOPiv,BuCN,0.057,120,5.24,0.396006334
tBPh-CPhos,CsOPiv,BuCN,0.153,90,8.95,0.362680847
tBPh-CPhos,CsOPiv,BuCN,0.153,105,8.84,0.362680002
tBPh-CPhos,CsOPiv,BuCN,0.153,120,7.54,0.36267002
tBPh-CPhos,CsOPiv,p-Xylene,0.1,90,31.97,0.357729099
tBPh-CPhos,CsOPiv,p-Xylene,0.1,105,28.65,0.357716982
tBPh-CPhos,CsOPiv,p-Xylene,0.1,120,23.77,0.357699171
tBPh-CPhos,CsOPiv,p-Xylene,0.057,90,25.31,0.369473213
tBPh-CPhos,CsOPiv,p-Xylene,0.057,105,23.1,0.369465147
tBPh-CPhos,CsOPiv,p-Xylene,0.057,120,20.07,0.369454088
tBPh-CPhos,CsOPiv,p-Xylene,0.153,90,25.67,0.352302184
tBPh-CPhos,CsOPiv,p-Xylene,0.153,105,29.56,0.352316381
tBPh-CPhos,CsOPiv,p-Xylene,0.153,120,29.96,0.352317841
tBPh-CPhos,CsOPiv,DMAc,0.1,90,4.77,0.355299658
tBPh-CPhos,CsOPiv,DMAc,0.1,105,7.62,0.355307874
tBPh-CPhos,CsOPiv,DMAc,0.1,120,17.43,0.355336154
tBPh-CPhos,CsOPiv,DMAc,0.057,90,5.29,0.365428789
tBPh-CPhos,CsOPiv,DMAc,0.057,105,7.33,0.36543467
tBPh-CPhos,CsOPiv,DMAc,0.057,120,14.24,0.36545459
tBPh-CPhos,CsOPiv,DMAc,0.153,90,3.55,0.350645651
tBPh-CPhos,CsOPiv,DMAc,0.153,105,6.54,0.350654271
tBPh-CPhos,CsOPiv,DMAc,0.153,120,9.96,0.35066413
PCy3 HBF4,KOAc,BuOAc,0.1,90,0,0.043876303
PCy3 HBF4,KOAc,BuOAc,0.1,105,0,0.043876303
PCy3 HBF4,KOAc,BuOAc,0.1,120,0,0.043876303
PCy3 HBF4,KOAc,BuOAc,0.057,90,0,0.062434198
PCy3 HBF4,KOAc,BuOAc,0.057,105,0,0.062434198
PCy3 HBF4,KOAc,BuOAc,0.057,120,0,0.062434198
PCy3 HBF4,KOAc,BuOAc,0.153,90,0,0.035354735
PCy3 HBF4,KOAc,BuOAc,0.153,105,0,0.035354735
PCy3 HBF4,KOAc,BuOAc,0.153,120,0,0.035354735
PCy3 HBF4,KOAc,BuCN,0.1,90,0,0.049981981
PCy3 HBF4,KOAc,BuCN,0.1,105,0,0.049981981
PCy3 HBF4,KOAc,BuCN,0.1,120,1.96,0.04999703
PCy3 HBF4,KOAc,BuCN,0.057,90,0,0.072839876
PCy3 HBF4,KOAc,BuCN,0.057,105,0,0.072839876
PCy3 HBF4,KOAc,BuCN,0.057,120,0.89,0.072846709
PCy3 HBF4,KOAc,BuCN,0.153,90,0,0.039485903
PCy3 HBF4,KOAc,BuCN,0.153,105,0,0.039485903
PCy3 HBF4,KOAc,BuCN,0.153,120,0.74,0.039491584
PCy3 HBF4,KOAc,p-Xylene,0.1,90,0,0.034486192
PCy3 HBF4,KOAc,p-Xylene,0.1,105,0,0.034486192
PCy3 HBF4,KOAc,p-Xylene,0.1,120,0,0.034486192
PCy3 HBF4,KOAc,p-Xylene,0.057,90,0,0.046254613
PCy3 HBF4,KOAc,p-Xylene,0.057,105,0,0.046254613
PCy3 HBF4,KOAc,p-Xylene,0.057,120,0,0.046254613
PCy3 HBF4,KOAc,p-Xylene,0.153,90,0,0.029082271
PCy3 HBF4,KOAc,p-Xylene,0.153,105,0,0.029082271
PCy3 HBF4,KOAc,p-Xylene,0.153,120,0,0.029082271
PCy3 HBF4,KOAc,DMAc,0.1,90,1.71,0.032164613
PCy3 HBF4,KOAc,DMAc,0.1,105,7.26,0.032180612
PCy3 HBF4,KOAc,DMAc,0.1,120,24.56,0.032230484
PCy3 HBF4,KOAc,DMAc,0.057,90,3.4,0.042297116
PCy3 HBF4,KOAc,DMAc,0.057,105,6.22,0.042305246
PCy3 HBF4,KOAc,DMAc,0.057,120,18.38,0.0423403
PCy3 HBF4,KOAc,DMAc,0.153,90,0.41,0.027510375
PCy3 HBF4,KOAc,DMAc,0.153,105,5.25,0.027524328
PCy3 HBF4,KOAc,DMAc,0.153,120,11.91,0.027543527
PCy3 HBF4,CsOAc,BuOAc,0.1,90,0,0.089376749
PCy3 HBF4,CsOAc,BuOAc,0.1,105,0,0.089376749
PCy3 HBF4,CsOAc,BuOAc,0.1,120,0.03,0.089376918
PCy3 HBF4,CsOAc,BuOAc,0.057,90,0,0.107934644
PCy3 HBF4,CsOAc,BuOAc,0.057,105,0,0.107934644
PCy3 HBF4,CsOAc,BuOAc,0.057,120,0,0.107934644
PCy3 HBF4,CsOAc,BuOAc,0.153,90,0,0.080855181
PCy3 HBF4,CsOAc,BuOAc,0.153,105,0,0.080855181
PCy3 HBF4,CsOAc,BuOAc,0.153,120,0,0.080855181
PCy3 HBF4,CsOAc,BuCN,0.1,90,0,0.095482427
PCy3 HBF4,CsOAc,BuCN,0.1,105,0.57,0.095486804
PCy3 HBF4,CsOAc,BuCN,0.1,120,3.8,0.095511604
PCy3 HBF4,CsOAc,BuCN,0.057,90,0.28,0.118342472
PCy3 HBF4,CsOAc,BuCN,0.057,105,1.13,0.118348998
PCy3 HBF4,CsOAc,BuCN,0.057,120,3.04,0.118363664
PCy3 HBF4,CsOAc,BuCN,0.153,90,0,0.084986349
PCy3 HBF4,CsOAc,BuCN,0.153,105,2.15,0.085002857
PCy3 HBF4,CsOAc,BuCN,0.153,120,1.89,0.085000861
PCy3 HBF4,CsOAc,p-Xylene,0.1,90,0,0.079986639
PCy3 HBF4,CsOAc,p-Xylene,0.1,105,0.55,0.079988646
PCy3 HBF4,CsOAc,p-Xylene,0.1,120,2.98,0.079997515
PCy3 HBF4,CsOAc,p-Xylene,0.057,90,0,0.09175506
PCy3 HBF4,CsOAc,p-Xylene,0.057,105,0,0.09175506
PCy3 HBF4,CsOAc,p-Xylene,0.057,120,0,0.09175506
PCy3 HBF4,CsOAc,p-Xylene,0.153,90,0,0.074582717
PCy3 HBF4,CsOAc,p-Xylene,0.153,105,0.28,0.074583739
PCy3 HBF4,CsOAc,p-Xylene,0.153,120,1.12,0.074586805
PCy3 HBF4,CsOAc,DMAc,0.1,90,4.02,0.077671718
PCy3 HBF4,CsOAc,DMAc,0.1,105,12.83,0.077697116
PCy3 HBF4,CsOAc,DMAc,0.1,120,44.53,0.0777885
PCy3 HBF4,CsOAc,DMAc,0.057,90,8.04,0.087810939
PCy3 HBF4,CsOAc,DMAc,0.057,105,15.26,0.087831752
PCy3 HBF4,CsOAc,DMAc,0.057,120,35.61,0.087890417
PCy3 HBF4,CsOAc,DMAc,0.153,90,2.53,0.073016933
PCy3 HBF4,CsOAc,DMAc,0.153,105,10.25,0.073039188
PCy3 HBF4,CsOAc,DMAc,0.153,120,18.61,0.073063288
PCy3 HBF4,KOPiv,BuOAc,0.1,90,0,0.042782003
PCy3 HBF4,KOPiv,BuOAc,0.1,105,0,0.042782003
PCy3 HBF4,KOPiv,BuOAc,0.1,120,0,0.042782003
PCy3 HBF4,KOPiv,BuOAc,0.057,90,0,0.061339898
PCy3 HBF4,KOPiv,BuOAc,0.057,105,0,0.061339898
PCy3 HBF4,KOPiv,BuOAc,0.057,120,0,0.061339898
PCy3 HBF4,KOPiv,BuOAc,0.153,90,0,0.034260435
PCy3 HBF4,KOPiv,BuOAc,0.153,105,0,0.034260435
PCy3 HBF4,KOPiv,BuOAc,0.153,120,0,0.034260435
PCy3 HBF4,KOPiv,BuCN,0.1,90,0,0.048887681
PCy3 HBF4,KOPiv,BuCN,0.1,105,0.35,0.048890369
PCy3 HBF4,KOPiv,BuCN,0.1,120,3.28,0.048912866
PCy3 HBF4,KOPiv,BuCN,0.057,90,0.14,0.071746651
PCy3 HBF4,KOPiv,BuCN,0.057,105,0.85,0.071752102
PCy3 HBF4,KOPiv,BuCN,0.057,120,3.25,0.07177053
PCy3 HBF4,KOPiv,BuCN,0.153,90,0,0.038391603
PCy3 HBF4,KOPiv,BuCN,0.153,105,1.37,0.038402122
PCy3 HBF4,KOPiv,BuCN,0.153,120,2.77,0.038412871
PCy3 HBF4,KOPiv,p-Xylene,0.1,90,0,0.033391893
PCy3 HBF4,KOPiv,p-Xylene,0.1,105,0,0.033391893
PCy3 HBF4,KOPiv,p-Xylene,0.1,120,0,0.033391893
PCy3 HBF4,KOPiv,p-Xylene,0.057,90,0,0.045160314
PCy3 HBF4,KOPiv,p-Xylene,0.057,105,0,0.045160314
PCy3 HBF4,KOPiv,p-Xylene,0.057,120,0,0.045160314
PCy3 HBF4,KOPiv,p-Xylene,0.153,90,0,0.027987971
PCy3 HBF4,KOPiv,p-Xylene,0.153,105,0,0.027987971
PCy3 HBF4,KOPiv,p-Xylene,0.153,120,0,0.027987971
PCy3 HBF4,KOPiv,DMAc,0.1,90,3.01,0.031074061
PCy3 HBF4,KOPiv,DMAc,0.1,105,10.44,0.03109548
PCy3 HBF4,KOPiv,DMAc,0.1,120,47.58,0.031202546
PCy3 HBF4,KOPiv,DMAc,0.057,90,5.85,0.041209879
PCy3 HBF4,KOPiv,DMAc,0.057,105,10.98,0.041224668
PCy3 HBF4,KOPiv,DMAc,0.057,120,29.51,0.041278086
PCy3 HBF4,KOPiv,DMAc,0.153,90,2.52,0.026422158
PCy3 HBF4,KOPiv,DMAc,0.153,105,12.78,0.026451735
PCy3 HBF4,KOPiv,DMAc,0.153,120,24.11,0.026484397
PCy3 HBF4,CsOPiv,BuOAc,0.1,90,0,0.130250015
PCy3 HBF4,CsOPiv,BuOAc,0.1,105,0,0.130250015
PCy3 HBF4,CsOPiv,BuOAc,0.1,120,1.37,0.130257721
PCy3 HBF4,CsOPiv,BuOAc,0.057,90,0,0.14880791
PCy3 HBF4,CsOPiv,BuOAc,0.057,105,0,0.14880791
PCy3 HBF4,CsOPiv,BuOAc,0.057,120,0,0.14880791
PCy3 HBF4,CsOPiv,BuOAc,0.153,90,0,0.121728447
PCy3 HBF4,CsOPiv,BuOAc,0.153,105,0,0.121728447
PCy3 HBF4,CsOPiv,BuOAc,0.153,120,0,0.121728447
PCy3 HBF4,CsOPiv,BuCN,0.1,90,0,0.136355693
PCy3 HBF4,CsOPiv,BuCN,0.1,105,0.33,0.136358227
PCy3 HBF4,CsOPiv,BuCN,0.1,120,3.1,0.136379496
PCy3 HBF4,CsOPiv,BuCN,0.057,90,0.86,0.159220191
PCy3 HBF4,CsOPiv,BuCN,0.057,105,1.95,0.15922856
PCy3 HBF4,CsOPiv,BuCN,0.057,120,4.78,0.15925029
PCy3 HBF4,CsOPiv,BuCN,0.153,90,0,0.125859615
PCy3 HBF4,CsOPiv,BuCN,0.153,105,2.01,0.125875048
PCy3 HBF4,CsOPiv,BuCN,0.153,120,3.33,0.125885183
PCy3 HBF4,CsOPiv,p-Xylene,0.1,90,0,0.120859905
PCy3 HBF4,CsOPiv,p-Xylene,0.1,105,0,0.120859905
PCy3 HBF4,CsOPiv,p-Xylene,0.1,120,0.69,0.120862423
PCy3 HBF4,CsOPiv,p-Xylene,0.057,90,0,0.132628326
PCy3 HBF4,CsOPiv,p-Xylene,0.057,105,0,0.132628326
PCy3 HBF4,CsOPiv,p-Xylene,0.057,120,0,0.132628326
PCy3 HBF4,CsOPiv,p-Xylene,0.153,90,0,0.115455983
PCy3 HBF4,CsOPiv,p-Xylene,0.153,105,0,0.115455983
PCy3 HBF4,CsOPiv,p-Xylene,0.153,120,0.83,0.115459012
PCy3 HBF4,CsOPiv,DMAc,0.1,90,3.69,0.118544033
PCy3 HBF4,CsOPiv,DMAc,0.1,105,8.85,0.118558908
PCy3 HBF4,CsOPiv,DMAc,0.1,120,27.93,0.118613912
PCy3 HBF4,CsOPiv,DMAc,0.057,90,6.38,0.128679419
PCy3 HBF4,CsOPiv,DMAc,0.057,105,11.52,0.128694237
PCy3 HBF4,CsOPiv,DMAc,0.057,120,26.22,0.128736614
PCy3 HBF4,CsOPiv,DMAc,0.153,90,2.53,0.113890199
PCy3 HBF4,CsOPiv,DMAc,0.153,105,9.07,0.113909052
PCy3 HBF4,CsOPiv,DMAc,0.153,120,13.88,0.113922918
PPh3,KOAc,BuOAc,0.1,90,1.19,0.03801508
PPh3,KOAc,BuOAc,0.1,105,3.41,0.038027567
PPh3,KOAc,BuOAc,0.1,120,7.89,0.038052765
PPh3,KOAc,BuOAc,0.057,90,1.27,0.056573425
PPh3,KOAc,BuOAc,0.057,105,1.94,0.056577194
PPh3,KOAc,BuOAc,0.057,120,5.67,0.056598173
PPh3,KOAc,BuOAc,0.153,90,1.39,0.029494637
PPh3,KOAc,BuOAc,0.153,105,4.51,0.029512185
PPh3,KOAc,BuOAc,0.153,120,4.86,0.029514154
PPh3,KOAc,BuCN,0.1,90,2.83,0.044135794
PPh3,KOAc,BuCN,0.1,105,6.24,0.044161977
PPh3,KOAc,BuCN,0.1,120,12.65,0.044211194
PPh3,KOAc,BuCN,0.057,90,4.3,0.067004976
PPh3,KOAc,BuCN,0.057,105,6.77,0.067023941
PPh3,KOAc,BuCN,0.057,120,11.5,0.067060259
PPh3,KOAc,BuCN,0.153,90,2.66,0.03363841
PPh3,KOAc,BuCN,0.153,105,6.67,0.0336692
PPh3,KOAc,BuCN,0.153,120,12.34,0.033712735
PPh3,KOAc,p-Xylene,0.1,90,0.55,0.028620284
PPh3,KOAc,p-Xylene,0.1,105,2.06,0.028625795
PPh3,KOAc,p-Xylene,0.1,120,5.94,0.028639956
PPh3,KOAc,p-Xylene,0.057,90,0.24,0.040387573
PPh3,KOAc,p-Xylene,0.057,105,1.16,0.040390931
PPh3,KOAc,p-Xylene,0.057,120,2.59,0.04039615
PPh3,KOAc,p-Xylene,0.153,90,0.78,0.023217201
PPh3,KOAc,p-Xylene,0.153,105,3.57,0.023227384
PPh3,KOAc,p-Xylene,0.153,120,5.22,0.023233406
PPh3,KOAc,DMAc,0.1,90,14.29,0.026332962
PPh3,KOAc,DMAc,0.1,105,28.15,0.026372917
PPh3,KOAc,DMAc,0.1,120,74.04,0.026505208
PPh3,KOAc,DMAc,0.057,90,19.55,0.036475757
PPh3,KOAc,DMAc,0.057,105,27.82,0.036499598
PPh3,KOAc,DMAc,0.057,120,45.85,0.036551574
PPh3,KOAc,DMAc,0.153,90,11.68,0.021674948
PPh3,KOAc,DMAc,0.153,105,30.44,0.021729029
PPh3,KOAc,DMAc,0.153,120,51.83,0.021790691
PPh3,CsOAc,BuOAc,0.1,90,1.9,0.08351952
PPh3,CsOAc,BuOAc,0.1,105,4.22,0.083532569
PPh3,CsOAc,BuOAc,0.1,120,4.94,0.083536619
PPh3,CsOAc,BuOAc,0.057,90,1.03,0.102072521
PPh3,CsOAc,BuOAc,0.057,105,2.72,0.102082027
PPh3,CsOAc,BuOAc,0.057,120,3.51,0.10208647
PPh3,CsOAc,BuOAc,0.153,90,0.81,0.074991821
PPh3,CsOAc,BuOAc,0.153,105,4.2,0.075010888
PPh3,CsOAc,BuOAc,0.153,120,14.26,0.075067471
PPh3,CsOAc,BuCN,0.1,90,5.8,0.089659045
PPh3,CsOAc,BuCN,0.1,105,3.21,0.089639158
PPh3,CsOAc,BuCN,0.1,120,13.09,0.089715019
PPh3,CsOAc,BuCN,0.057,90,6.56,0.112522775
PPh3,CsOAc,BuCN,0.057,105,9.16,0.112542738
PPh3,CsOAc,BuCN,0.057,120,11.19,0.112558325
PPh3,CsOAc,BuCN,0.153,90,0,0.079118433
PPh3,CsOAc,BuCN,0.153,105,5.55,0.079161047
PPh3,CsOAc,BuCN,0.153,120,19.64,0.079269232
PPh3,CsOAc,p-Xylene,0.1,90,5.91,0.074140292
PPh3,CsOAc,p-Xylene,0.1,105,10.5,0.074157045
PPh3,CsOAc,p-Xylene,0.1,120,16.64,0.074179454
PPh3,CsOAc,p-Xylene,0.057,90,2.04,0.085894589
PPh3,CsOAc,p-Xylene,0.057,105,3.18,0.08589875
PPh3,CsOAc,p-Xylene,0.057,120,6.18,0.085909699
PPh3,CsOAc,p-Xylene,0.153,90,5.38,0.068734436
PPh3,CsOAc,p-Xylene,0.153,105,13.71,0.068764839
PPh3,CsOAc,p-Xylene,0.153,120,11.83,0.068757977
PPh3,CsOAc,DMAc,0.1,90,32.36,0.0718855
PPh3,CsOAc,DMAc,0.1,105,62.82,0.07197331
PPh3,CsOAc,DMAc,0.1,120,87.32,0.072043938
PPh3,CsOAc,DMAc,0.057,90,36.96,0.082026393
PPh3,CsOAc,DMAc,0.057,105,53.46,0.082073958
PPh3,CsOAc,DMAc,0.057,120,89.71,0.082178459
PPh3,CsOAc,DMAc,0.153,90,31.85,0.06723354
PPh3,CsOAc,DMAc,0.153,105,66.27,0.067332765
PPh3,CsOAc,DMAc,0.153,120,78.19,0.067367128
PPh3,KOPiv,BuOAc,0.1,90,0.65,0.036917743
PPh3,KOPiv,BuOAc,0.1,105,1.92,0.036924887
PPh3,KOPiv,BuOAc,0.1,120,4.23,0.036937879
PPh3,KOPiv,BuOAc,0.057,90,0.05,0.055472263
PPh3,KOPiv,BuOAc,0.057,105,0.98,0.055477494
PPh3,KOPiv,BuOAc,0.057,120,3.07,0.05548925
PPh3,KOPiv,BuOAc,0.153,90,2.58,0.02840703
PPh3,KOPiv,BuOAc,0.153,105,2.95,0.028409111
PPh3,KOPiv,BuOAc,0.153,120,4.33,0.028416873
PPh3,KOPiv,BuCN,0.1,90,2.48,0.043038807
PPh3,KOPiv,BuCN,0.1,105,4.28,0.043052628
PPh3,KOPiv,BuCN,0.1,120,9.59,0.043093399
PPh3,KOPiv,BuCN,0.057,90,5.92,0.065923115
PPh3,KOPiv,BuCN,0.057,105,6.78,0.065929718
PPh3,KOPiv,BuCN,0.057,120,12.19,0.065971257
PPh3,KOPiv,BuCN,0.153,90,0.85,0.032530213
PPh3,KOPiv,BuCN,0.153,105,7.88,0.032584191
PPh3,KOPiv,BuCN,0.153,120,15.64,0.032643774
PPh3,KOPiv,p-Xylene,0.1,90,0.32,0.027525144
PPh3,KOPiv,p-Xylene,0.1,105,1.41,0.027529123
PPh3,KOPiv,p-Xylene,0.1,120,4.48,0.027540327
PPh3,KOPiv,p-Xylene,0.057,90,0.04,0.039292543
PPh3,KOPiv,p-Xylene,0.057,105,0.48,0.039294149
PPh3,KOPiv,p-Xylene,0.057,120,2.44,0.039301303
PPh3,KOPiv,p-Xylene,0.153,90,1.58,0.022125821
PPh3,KOPiv,p-Xylene,0.153,105,6.42,0.022143486
PPh3,KOPiv,p-Xylene,0.153,120,7.54,0.022147574
PPh3,KOPiv,DMAc,0.1,90,38.78,0.025309262
PPh3,KOPiv,DMAc,0.1,105,63.13,0.025379457
PPh3,KOPiv,DMAc,0.1,120,86.46,0.025446713
PPh3,KOPiv,DMAc,0.057,90,46.46,0.035459033
PPh3,KOPiv,DMAc,0.057,105,63.61,0.035508473
PPh3,KOPiv,DMAc,0.057,120,91.27,0.03558821
PPh3,KOPiv,DMAc,0.153,90,38.79,0.0206588
PPh3,KOPiv,DMAc,0.153,105,71.11,0.020751972
PPh3,KOPiv,DMAc,0.153,120,79.1,0.020775005
PPh3,CsOPiv,BuOAc,0.1,90,0.26,0.124383562
PPh3,CsOPiv,BuOAc,0.1,105,0.91,0.124387218
PPh3,CsOPiv,BuOAc,0.1,120,2.49,0.124396105
PPh3,CsOPiv,BuOAc,0.057,90,0.43,0.142942413
PPh3,CsOPiv,BuOAc,0.057,105,0.58,0.142943256
PPh3,CsOPiv,BuOAc,0.057,120,2.35,0.142953212
PPh3,CsOPiv,BuOAc,0.153,90,0.6,0.115863905
PPh3,CsOPiv,BuOAc,0.153,105,1.94,0.115871442
PPh3,CsOPiv,BuOAc,0.153,120,2.81,0.115876336
PPh3,CsOPiv,BuCN,0.1,90,1.9,0.130502366
PPh3,CsOPiv,BuCN,0.1,105,3.44,0.13051419
PPh3,CsOPiv,BuCN,0.1,120,7.36,0.130544289
PPh3,CsOPiv,BuCN,0.057,90,5.19,0.153385522
PPh3,CsOPiv,BuCN,0.057,105,6.51,0.153395657
PPh3,CsOPiv,BuCN,0.057,120,9.46,0.153418308
PPh3,CsOPiv,BuCN,0.153,90,2.53,0.120011125
PPh3,CsOPiv,BuCN,0.153,105,4.1,0.120023179
PPh3,CsOPiv,BuCN,0.153,120,6.1,0.120038536
PPh3,CsOPiv,p-Xylene,0.1,90,0,0.114991988
PPh3,CsOPiv,p-Xylene,0.1,105,0.66,0.114994397
PPh3,CsOPiv,p-Xylene,0.1,120,2.69,0.115001806
PPh3,CsOPiv,p-Xylene,0.057,90,0.01,0.126760446
PPh3,CsOPiv,p-Xylene,0.057,105,0.44,0.126762015
PPh3,CsOPiv,p-Xylene,0.057,120,1.76,0.126766833
PPh3,CsOPiv,p-Xylene,0.153,90,0.25,0.109588979
PPh3,CsOPiv,p-Xylene,0.153,105,2.11,0.109595768
PPh3,CsOPiv,p-Xylene,0.153,120,4.26,0.109603615
PPh3,CsOPiv,DMAc,0.1,90,33.59,0.112762312
PPh3,CsOPiv,DMAc,0.1,105,52.05,0.112815528
PPh3,CsOPiv,DMAc,0.1,120,76.33,0.112885522
PPh3,CsOPiv,DMAc,0.057,90,44.96,0.122922721
PPh3,CsOPiv,DMAc,0.057,105,59.68,0.122965155
PPh3,CsOPiv,DMAc,0.057,120,84.64,0.123037109
PPh3,CsOPiv,DMAc,0.153,90,28.53,0.108097235
PPh3,CsOPiv,DMAc,0.153,105,45.28,0.108145522
PPh3,CsOPiv,DMAc,0.153,120,58.4,0.108183344
X-Phos,KOAc,BuOAc,0.1,90,28.11,0.04636385
X-Phos,KOAc,BuOAc,0.1,105,64.62,0.046569203
X-Phos,KOAc,BuOAc,0.1,120,73.71,0.04662033
X-Phos,KOAc,BuOAc,0.057,90,32.71,0.064947618
X-Phos,KOAc,BuOAc,0.057,105,41.69,0.064998126
X-Phos,KOAc,BuOAc,0.057,120,61.86,0.065111574
X-Phos,KOAc,BuOAc,0.153,90,25.35,0.037826757
X-Phos,KOAc,BuOAc,0.153,105,53.49,0.037985033
X-Phos,KOAc,BuOAc,0.153,120,76.24,0.038112992
X-Phos,KOAc,BuCN,0.1,90,26.5,0.052514893
X-Phos,KOAc,BuCN,0.1,105,47.3,0.052674599
X-Phos,KOAc,BuCN,0.1,120,56.57,0.052745776
X-Phos,KOAc,BuCN,0.057,90,18.72,0.075313051
X-Phos,KOAc,BuCN,0.057,105,12.54,0.0752656
X-Phos,KOAc,BuCN,0.057,120,43.22,0.075501167
X-Phos,KOAc,BuCN,0.153,90,32.5,0.042064884
X-Phos,KOAc,BuCN,0.153,105,75.39,0.042394201
X-Phos,KOAc,BuCN,0.153,120,78.6,0.042418848
X-Phos,KOAc,p-Xylene,0.1,90,25.5,0.036908701
X-Phos,KOAc,p-Xylene,0.1,105,43.76,0.036975345
X-Phos,KOAc,p-Xylene,0.1,120,67.04,0.037060311
X-Phos,KOAc,p-Xylene,0.057,90,22.31,0.048665479
X-Phos,KOAc,p-Xylene,0.057,105,13.41,0.048632996
X-Phos,KOAc,p-Xylene,0.057,120,45.62,0.048750555
X-Phos,KOAc,p-Xylene,0.153,90,28.36,0.031515218
X-Phos,KOAc,p-Xylene,0.153,105,39.32,0.031555219
X-Phos,KOAc,p-Xylene,0.153,120,61.67,0.031636791
X-Phos,KOAc,DMAc,0.1,90,38.03,0.034598755
X-Phos,KOAc,DMAc,0.1,105,65.37,0.034677571
X-Phos,KOAc,DMAc,0.1,120,88.41,0.03474399
X-Phos,KOAc,DMAc,0.057,90,43.2,0.044741291
X-Phos,KOAc,DMAc,0.057,105,55.4,0.044776461
X-Phos,KOAc,DMAc,0.057,120,77.58,0.044840401
X-Phos,KOAc,DMAc,0.153,90,38.79,0.029950456
X-Phos,KOAc,DMAc,0.153,105,48.86,0.029979486
X-Phos,KOAc,DMAc,0.153,120,84.67,0.030082718
X-Phos,CsOAc,BuOAc,0.1,90,85.24,0.092185628
X-Phos,CsOAc,BuOAc,0.1,105,86.43,0.092192321
X-Phos,CsOAc,BuOAc,0.1,120,2.79,0.091721882
X-Phos,CsOAc,BuOAc,0.057,90,61.71,0.110611176
X-Phos,CsOAc,BuOAc,0.057,105,80.77,0.11071838
X-Phos,CsOAc,BuOAc,0.057,120,7.02,0.110303569
X-Phos,CsOAc,BuOAc,0.153,90,82.21,0.083647016
X-Phos,CsOAc,BuOAc,0.153,105,81.66,0.083643923
X-Phos,CsOAc,BuOAc,0.153,120,6.23,0.083219662
X-Phos,CsOAc,BuCN,0.1,90,86.37,0.098475032
X-Phos,CsOAc,BuCN,0.1,105,83.83,0.09845553
X-Phos,CsOAc,BuCN,0.1,120,84.17,0.09845814
X-Phos,CsOAc,BuCN,0.057,90,72.9,0.121229502
X-Phos,CsOAc,BuCN,0.057,105,72.89,0.121229425
X-Phos,CsOAc,BuCN,0.057,120,72.21,0.121224204
X-Phos,CsOAc,BuCN,0.153,90,0,0.087315789
X-Phos,CsOAc,BuCN,0.153,105,84.62,0.087965517
X-Phos,CsOAc,BuCN,0.153,120,77.01,0.087907086
X-Phos,CsOAc,p-Xylene,0.1,90,59.27,0.082532399
X-Phos,CsOAc,p-Xylene,0.1,105,67.17,0.082561232
X-Phos,CsOAc,p-Xylene,0.1,120,67.17,0.082561232
X-Phos,CsOAc,p-Xylene,0.057,90,53.43,0.094279506
X-Phos,CsOAc,p-Xylene,0.057,105,54.41,0.094283082
X-Phos,CsOAc,p-Xylene,0.057,120,54.52,0.094283484
X-Phos,CsOAc,p-Xylene,0.153,90,66.03,0.07715315
X-Phos,CsOAc,p-Xylene,0.153,105,76.63,0.077191837
X-Phos,CsOAc,p-Xylene,0.153,120,70.8,0.077170559
X-Phos,CsOAc,DMAc,0.1,90,84.17,0.080232213
X-Phos,CsOAc,DMAc,0.1,105,87.83,0.080242764
X-Phos,CsOAc,DMAc,0.1,120,84.81,0.080234058
X-Phos,CsOAc,DMAc,0.057,90,79.33,0.090345892
X-Phos,CsOAc,DMAc,0.057,105,89.17,0.090374259
X-Phos,CsOAc,DMAc,0.057,120,88.41,0.090372068
X-Phos,CsOAc,DMAc,0.153,90,86.14,0.075587402
X-Phos,CsOAc,DMAc,0.153,105,84.48,0.075582617
X-Phos,CsOAc,DMAc,0.153,120,84.49,0.075582645
X-Phos,KOPiv,BuOAc,0.1,90,42.3,0.045349363
X-Phos,KOPiv,BuOAc,0.1,105,48.25,0.045382829
X-Phos,KOPiv,BuOAc,0.1,120,66.49,0.045485421
X-Phos,KOPiv,BuOAc,0.057,90,68.86,0.064056646
X-Phos,KOPiv,BuOAc,0.057,105,69.26,0.064058896
X-Phos,KOPiv,BuOAc,0.057,120,21.74,0.063791616
X-Phos,KOPiv,BuOAc,0.153,90,32.68,0.036773686
X-Phos,KOPiv,BuOAc,0.153,105,44.48,0.036840056
X-Phos,KOPiv,BuOAc,0.153,120,48.91,0.036864972
X-Phos,KOPiv,BuCN,0.1,90,45.95,0.051569934
X-Phos,KOPiv,BuCN,0.1,105,56.14,0.051648175
X-Phos,KOPiv,BuCN,0.1,120,50.93,0.051608171
X-Phos,KOPiv,BuCN,0.057,90,30.83,0.074311735
X-Phos,KOPiv,BuCN,0.057,105,31.13,0.074314038
X-Phos,KOPiv,BuCN,0.057,120,27.8,0.07428847
X-Phos,KOPiv,BuCN,0.153,90,33.95,0.040981717
X-Phos,KOPiv,BuCN,0.153,105,73.33,0.041284084
X-Phos,KOPiv,BuCN,0.153,120,71.43,0.041269496
X-Phos,KOPiv,p-Xylene,0.1,90,26.33,0.03581743
X-Phos,KOPiv,p-Xylene,0.1,105,35.07,0.035849329
X-Phos,KOPiv,p-Xylene,0.1,120,44.74,0.035884622
X-Phos,KOPiv,p-Xylene,0.057,90,23.45,0.04757534
X-Phos,KOPiv,p-Xylene,0.057,105,26.12,0.047585085
X-Phos,KOPiv,p-Xylene,0.057,120,26.97,0.047588187
X-Phos,KOPiv,p-Xylene,0.153,90,31.55,0.03043256
X-Phos,KOPiv,p-Xylene,0.153,105,34.45,0.030443145
X-Phos,KOPiv,p-Xylene,0.153,120,62.15,0.030544243
X-Phos,KOPiv,DMAc,0.1,90,55.17,0.033553867
X-Phos,KOPiv,DMAc,0.1,105,77.41,0.03361798
X-Phos,KOPiv,DMAc,0.1,120,80.61,0.033627204
X-Phos,KOPiv,DMAc,0.057,90,52.77,0.043674579
X-Phos,KOPiv,DMAc,0.057,105,61,0.043698305
X-Phos,KOPiv,DMAc,0.057,120,62.07,0.043701389
X-Phos,KOPiv,DMAc,0.153,90,60.68,0.02891926
X-Phos,KOPiv,DMAc,0.153,105,82.28,0.028981528
X-Phos,KOPiv,DMAc,0.153,120,80.39,0.02897608
X-Phos,CsOPiv,BuOAc,0.1,90,3,0.132596329
X-Phos,CsOPiv,BuOAc,0.1,105,59.92,0.13291648
X-Phos,CsOPiv,BuOAc,0.1,120,52.22,0.13287317
X-Phos,CsOPiv,BuOAc,0.057,90,62.34,0.151487986
X-Phos,CsOPiv,BuOAc,0.057,105,5.4,0.151167723
X-Phos,CsOPiv,BuOAc,0.057,120,22.87,0.151265984
X-Phos,CsOPiv,BuOAc,0.153,90,46.57,0.124319823
X-Phos,CsOPiv,BuOAc,0.153,105,5.53,0.124088991
X-Phos,CsOPiv,BuOAc,0.153,120,59.05,0.124390018
X-Phos,CsOPiv,BuCN,0.1,90,69.11,0.139215773
X-Phos,CsOPiv,BuCN,0.1,105,68.53,0.139211319
X-Phos,CsOPiv,BuCN,0.1,120,59.81,0.139144366
X-Phos,CsOPiv,BuCN,0.057,90,40.02,0.161850309
X-Phos,CsOPiv,BuCN,0.057,105,36.65,0.161824434
X-Phos,CsOPiv,BuCN,0.057,120,31.51,0.161784968
X-Phos,CsOPiv,BuCN,0.153,90,75.4,0.12876799
X-Phos,CsOPiv,BuCN,0.153,105,79.76,0.128801467
X-Phos,CsOPiv,BuCN,0.153,120,78.44,0.128791332
X-Phos,CsOPiv,p-Xylene,0.1,90,36.98,0.123324312
X-Phos,CsOPiv,p-Xylene,0.1,105,53.63,0.12338508
X-Phos,CsOPiv,p-Xylene,0.1,120,55.8,0.123393
X-Phos,CsOPiv,p-Xylene,0.057,90,34.98,0.135085434
X-Phos,CsOPiv,p-Xylene,0.057,105,39.81,0.135103062
X-Phos,CsOPiv,p-Xylene,0.057,120,39.32,0.135101274
X-Phos,CsOPiv,p-Xylene,0.153,90,44.28,0.117947034
X-Phos,CsOPiv,p-Xylene,0.153,105,73.93,0.118055249
X-Phos,CsOPiv,p-Xylene,0.153,120,68.31,0.118034737
X-Phos,CsOPiv,DMAc,0.1,90,22.94,0.120928967
X-Phos,CsOPiv,DMAc,0.1,105,29.16,0.120946897
X-Phos,CsOPiv,DMAc,0.1,120,48.15,0.121001641
X-Phos,CsOPiv,DMAc,0.057,90,23.71,0.131058818
X-Phos,CsOPiv,DMAc,0.057,105,30.21,0.131077556
X-Phos,CsOPiv,DMAc,0.057,120,38.48,0.131101397
X-Phos,CsOPiv,DMAc,0.153,90,27.79,0.116292458
X-Phos,CsOPiv,DMAc,0.153,105,40.06,0.11632783
X-Phos,CsOPiv,DMAc,0.153,120,48.34,0.116351699
GorlosPhos HBF4,KOAc,BuOAc,0.1,90,0.79,0.050126549
GorlosPhos HBF4,KOAc,BuOAc,0.1,105,2.85,0.050138135
GorlosPhos HBF4,KOAc,BuOAc,0.1,120,11.31,0.050185719
GorlosPhos HBF4,KOAc,BuOAc,0.057,90,3.14,0.068697661
GorlosPhos HBF4,KOAc,BuOAc,0.057,105,2.21,0.06869243
GorlosPhos HBF4,KOAc,BuOAc,0.057,120,0,0.06868
GorlosPhos HBF4,KOAc,BuOAc,0.153,90,0,0.041600537
GorlosPhos HBF4,KOAc,BuOAc,0.153,105,1.31,0.041607905
GorlosPhos HBF4,KOAc,BuOAc,0.153,120,8.2,0.041646658
GorlosPhos HBF4,KOAc,BuCN,0.1,90,3.89,0.056257651
GorlosPhos HBF4,KOAc,BuCN,0.1,105,14.36,0.056338042
GorlosPhos HBF4,KOAc,BuCN,0.1,120,22.06,0.056397164
GorlosPhos HBF4,KOAc,BuCN,0.057,90,4.98,0.079123915
GorlosPhos HBF4,KOAc,BuCN,0.057,105,13.79,0.07919156
GorlosPhos HBF4,KOAc,BuCN,0.057,120,20.95,0.079246536
GorlosPhos HBF4,KOAc,BuCN,0.153,90,5.26,0.045772092
GorlosPhos HBF4,KOAc,BuCN,0.153,105,11.6,0.045820772
GorlosPhos HBF4,KOAc,BuCN,0.153,120,19.95,0.045884884
GorlosPhos HBF4,KOAc,p-Xylene,0.1,90,0.7,0.040734549
GorlosPhos HBF4,KOAc,p-Xylene,0.1,105,0.83,0.040735024
GorlosPhos HBF4,KOAc,p-Xylene,0.1,120,7.43,0.040759112
GorlosPhos HBF4,KOAc,p-Xylene,0.057,90,0,0.052500415
GorlosPhos HBF4,KOAc,p-Xylene,0.057,105,1.47,0.05250578
GorlosPhos HBF4,KOAc,p-Xylene,0.057,120,0,0.052500415
GorlosPhos HBF4,KOAc,p-Xylene,0.153,90,0.18,0.03532873
GorlosPhos HBF4,KOAc,p-Xylene,0.153,105,0.83,0.035331102
GorlosPhos HBF4,KOAc,p-Xylene,0.153,120,4.87,0.035345847
GorlosPhos HBF4,KOAc,DMAc,0.1,90,4.85,0.038419467
GorlosPhos HBF4,KOAc,DMAc,0.1,105,13.11,0.038443279
GorlosPhos HBF4,KOAc,DMAc,0.1,120,15.42,0.038449938
GorlosPhos HBF4,KOAc,DMAc,0.057,90,3.06,0.048541938
GorlosPhos HBF4,KOAc,DMAc,0.057,105,10.03,0.048562031
GorlosPhos HBF4,KOAc,DMAc,0.057,120,13.87,0.048573101
GorlosPhos HBF4,KOAc,DMAc,0.153,90,9.14,0.033781344
GorlosPhos HBF4,KOAc,DMAc,0.153,105,21.77,0.033817753
GorlosPhos HBF4,KOAc,DMAc,0.153,120,14.06,0.033795527
GorlosPhos HBF4,CsOAc,BuOAc,0.1,90,2.67,0.095637569
GorlosPhos HBF4,CsOAc,BuOAc,0.1,105,8.11,0.095668167
GorlosPhos HBF4,CsOAc,BuOAc,0.1,120,29.75,0.095789882
GorlosPhos HBF4,CsOAc,BuOAc,0.057,90,8.14,0.11422623
GorlosPhos HBF4,CsOAc,BuOAc,0.057,105,22.02,0.114304299
GorlosPhos HBF4,CsOAc,BuOAc,0.057,120,34.4,0.114373931
GorlosPhos HBF4,CsOAc,BuOAc,0.153,90,4.16,0.087124381
GorlosPhos HBF4,CsOAc,BuOAc,0.153,105,5.13,0.087129837
GorlosPhos HBF4,CsOAc,BuOAc,0.153,120,23.3,0.087232035
GorlosPhos HBF4,CsOAc,BuCN,0.1,90,18.59,0.101870967
GorlosPhos HBF4,CsOAc,BuCN,0.1,105,33.34,0.10198422
GorlosPhos HBF4,CsOAc,BuCN,0.1,120,40.61,0.10204004
GorlosPhos HBF4,CsOAc,BuCN,0.057,90,21.15,0.124748518
GorlosPhos HBF4,CsOAc,BuCN,0.057,105,36.9,0.124869449
GorlosPhos HBF4,CsOAc,BuCN,0.057,120,49.09,0.124963046
GorlosPhos HBF4,CsOAc,BuCN,0.153,90,16.44,0.09135838
GorlosPhos HBF4,CsOAc,BuCN,0.153,105,28.37,0.091449981
GorlosPhos HBF4,CsOAc,BuCN,0.153,120,36.46,0.091512098
GorlosPhos HBF4,CsOAc,p-Xylene,0.1,90,3.17,0.08624401
GorlosPhos HBF4,CsOAc,p-Xylene,0.1,105,14.97,0.086287077
GorlosPhos HBF4,CsOAc,p-Xylene,0.1,120,21.42,0.086310618
GorlosPhos HBF4,CsOAc,p-Xylene,0.057,90,1.12,0.098004949
GorlosPhos HBF4,CsOAc,p-Xylene,0.057,105,0,0.098000862
GorlosPhos HBF4,CsOAc,p-Xylene,0.057,120,21.94,0.098080937
GorlosPhos HBF4,CsOAc,p-Xylene,0.153,90,1.65,0.080834541
GorlosPhos HBF4,CsOAc,p-Xylene,0.153,105,6.96,0.080853921
GorlosPhos HBF4,CsOAc,p-Xylene,0.153,120,11.49,0.080870455
GorlosPhos HBF4,CsOAc,DMAc,0.1,90,6.93,0.083925909
GorlosPhos HBF4,CsOAc,DMAc,0.1,105,19.97,0.083963501
GorlosPhos HBF4,CsOAc,DMAc,0.1,120,26.78,0.083983132
GorlosPhos HBF4,CsOAc,DMAc,0.057,90,5.38,0.094049073
GorlosPhos HBF4,CsOAc,DMAc,0.057,105,12.61,0.094069915
GorlosPhos HBF4,CsOAc,DMAc,0.057,120,16.77,0.094081907
GorlosPhos HBF4,CsOAc,DMAc,0.153,90,14.72,0.079297876
GorlosPhos HBF4,CsOAc,DMAc,0.153,105,59.83,0.079427918
GorlosPhos HBF4,CsOAc,DMAc,0.153,120,40.26,0.079371502
GorlosPhos HBF4,KOPiv,BuOAc,0.1,90,8.16,0.049073702
GorlosPhos HBF4,KOPiv,BuOAc,0.1,105,20.21,0.049141478
GorlosPhos HBF4,KOPiv,BuOAc,0.1,120,35.43,0.049227084
GorlosPhos HBF4,KOPiv,BuOAc,0.057,90,3.04,0.067602799
GorlosPhos HBF4,KOPiv,BuOAc,0.057,105,10.68,0.067645771
GorlosPhos HBF4,KOPiv,BuOAc,0.057,120,38.63,0.067802977
GorlosPhos HBF4,KOPiv,BuOAc,0.153,90,5.65,0.040538016
GorlosPhos HBF4,KOPiv,BuOAc,0.153,105,13.22,0.040580594
GorlosPhos HBF4,KOPiv,BuOAc,0.153,120,26.48,0.040655175
GorlosPhos HBF4,KOPiv,BuCN,0.1,90,0,0.055133483
GorlosPhos HBF4,KOPiv,BuCN,0.1,105,43.52,0.055467638
GorlosPhos HBF4,KOPiv,BuCN,0.1,120,56.45,0.055566917
GorlosPhos HBF4,KOPiv,BuCN,0.057,90,28.17,0.078207673
GorlosPhos HBF4,KOPiv,BuCN,0.057,105,49.19,0.078369068
GorlosPhos HBF4,KOPiv,BuCN,0.057,120,64.48,0.078486468
GorlosPhos HBF4,KOPiv,BuCN,0.153,90,14.99,0.044752501
GorlosPhos HBF4,KOPiv,BuCN,0.153,105,30.77,0.044873663
GorlosPhos HBF4,KOPiv,BuCN,0.153,120,45.37,0.044985764
GorlosPhos HBF4,KOPiv,p-Xylene,0.1,90,4.73,0.039654958
GorlosPhos HBF4,KOPiv,p-Xylene,0.1,105,10.98,0.039677769
GorlosPhos HBF4,KOPiv,p-Xylene,0.1,120,21.25,0.039715252
GorlosPhos HBF4,KOPiv,p-Xylene,0.057,90,0,0.051406116
GorlosPhos HBF4,KOPiv,p-Xylene,0.057,105,24.06,0.051493928
GorlosPhos HBF4,KOPiv,p-Xylene,0.057,120,4.02,0.051420788
GorlosPhos HBF4,KOPiv,p-Xylene,0.153,90,2.49,0.034242861
GorlosPhos HBF4,KOPiv,p-Xylene,0.153,105,4.92,0.03425173
GorlosPhos HBF4,KOPiv,p-Xylene,0.153,120,17.56,0.034297863
GorlosPhos HBF4,KOPiv,DMAc,0.1,90,10.34,0.037340994
GorlosPhos HBF4,KOPiv,DMAc,0.1,105,38.15,0.037421164
GorlosPhos HBF4,KOPiv,DMAc,0.1,120,49.17,0.037452932
GorlosPhos HBF4,KOPiv,DMAc,0.057,90,12.98,0.047476236
GorlosPhos HBF4,KOPiv,DMAc,0.057,105,27.93,0.047519333
GorlosPhos HBF4,KOPiv,DMAc,0.057,120,36.29,0.047543433
GorlosPhos HBF4,KOPiv,DMAc,0.153,90,30.03,0.032747265
GorlosPhos HBF4,KOPiv,DMAc,0.153,105,72.45,0.032869553
GorlosPhos HBF4,KOPiv,DMAc,0.153,120,61.33,0.032837496
GorlosPhos HBF4,CsOPiv,BuOAc,0.1,90,8.88,0.136545764
GorlosPhos HBF4,CsOPiv,BuOAc,0.1,105,20.63,0.136611852
GorlosPhos HBF4,CsOPiv,BuOAc,0.1,120,42.04,0.136732274
GorlosPhos HBF4,CsOPiv,BuOAc,0.057,90,11,0.155115582
GorlosPhos HBF4,CsOPiv,BuOAc,0.057,105,33.41,0.155241629
GorlosPhos HBF4,CsOPiv,BuOAc,0.057,120,13.52,0.155129756
GorlosPhos HBF4,CsOPiv,BuOAc,0.153,90,9.39,0.128027064
GorlosPhos HBF4,CsOPiv,BuOAc,0.153,105,9.03,0.128025039
GorlosPhos HBF4,CsOPiv,BuOAc,0.153,120,22.22,0.128099227
GorlosPhos HBF4,CsOPiv,BuCN,0.1,90,24.25,0.142787691
GorlosPhos HBF4,CsOPiv,BuCN,0.1,105,39.42,0.142904169
GorlosPhos HBF4,CsOPiv,BuCN,0.1,120,48.15,0.1429712
GorlosPhos HBF4,CsOPiv,BuCN,0.057,90,29.23,0.165683823
GorlosPhos HBF4,CsOPiv,BuCN,0.057,105,46.17,0.165813892
GorlosPhos HBF4,CsOPiv,BuCN,0.057,120,58.13,0.165905723
GorlosPhos HBF4,CsOPiv,BuCN,0.153,90,18.19,0.132245083
GorlosPhos HBF4,CsOPiv,BuCN,0.153,105,29.82,0.13233438
GorlosPhos HBF4,CsOPiv,BuCN,0.153,120,39.2,0.132406402
GorlosPhos HBF4,CsOPiv,p-Xylene,0.1,90,2.99,0.127116619
GorlosPhos HBF4,CsOPiv,p-Xylene,0.1,105,9.89,0.127141803
GorlosPhos HBF4,CsOPiv,p-Xylene,0.1,120,9.03,0.127138664
GorlosPhos HBF4,CsOPiv,p-Xylene,0.057,90,0.76,0.138876901
GorlosPhos HBF4,CsOPiv,p-Xylene,0.057,105,12.53,0.138919859
GorlosPhos HBF4,CsOPiv,p-Xylene,0.057,120,3.69,0.138887595
GorlosPhos HBF4,CsOPiv,p-Xylene,0.153,90,0.93,0.121705179
GorlosPhos HBF4,CsOPiv,p-Xylene,0.153,105,4.53,0.121718318
GorlosPhos HBF4,CsOPiv,p-Xylene,0.153,120,8.39,0.121732406
GorlosPhos HBF4,CsOPiv,DMAc,0.1,90,13.78,0.124818922
GorlosPhos HBF4,CsOPiv,DMAc,0.1,105,40.43,0.124895748
GorlosPhos HBF4,CsOPiv,DMAc,0.1,120,45.17,0.124909413
GorlosPhos HBF4,CsOPiv,DMAc,0.057,90,11.07,0.134938742
GorlosPhos HBF4,CsOPiv,DMAc,0.057,105,24.03,0.134976102
GorlosPhos HBF4,CsOPiv,DMAc,0.057,120,27.88,0.134987201
GorlosPhos HBF4,CsOPiv,DMAc,0.153,90,23.23,0.120195674
GorlosPhos HBF4,CsOPiv,DMAc,0.153,105,76.34,0.120348779
GorlosPhos HBF4,CsOPiv,DMAc,0.153,120,54.83,0.12028677
JackiePhos,KOAc,BuOAc,0.1,90,4.43,0.367752972
JackiePhos,KOAc,BuOAc,0.1,105,7.74,0.367771589
JackiePhos,KOAc,BuOAc,0.1,120,7.82,0.367772039
JackiePhos,KOAc,BuOAc,0.057,90,3.77,0.386307155
JackiePhos,KOAc,BuOAc,0.057,105,5.59,0.386317391
JackiePhos,KOAc,BuOAc,0.057,120,5.16,0.386314973
JackiePhos,KOAc,BuOAc,0.153,90,4.39,0.359231178
JackiePhos,KOAc,BuOAc,0.153,105,6.18,0.359241246
JackiePhos,KOAc,BuOAc,0.153,120,6.48,0.359242934
JackiePhos,KOAc,BuCN,0.1,90,19.97,0.373987066
JackiePhos,KOAc,BuCN,0.1,105,19.82,0.373985915
JackiePhos,KOAc,BuCN,0.1,120,20.08,0.373987911
JackiePhos,KOAc,BuCN,0.057,90,20.5,0.396849031
JackiePhos,KOAc,BuCN,0.057,105,24.09,0.396876595
JackiePhos,KOAc,BuCN,0.057,120,21.88,0.396859627
JackiePhos,KOAc,BuCN,0.153,90,24.05,0.363522315
JackiePhos,KOAc,BuCN,0.153,105,21.86,0.3635055
JackiePhos,KOAc,BuCN,0.153,120,20.72,0.363496747
JackiePhos,KOAc,p-Xylene,0.1,90,4.95,0.358356011
JackiePhos,KOAc,p-Xylene,0.1,105,5.36,0.358357507
JackiePhos,KOAc,p-Xylene,0.1,120,7.03,0.358363602
JackiePhos,KOAc,p-Xylene,0.057,90,3.79,0.370120198
JackiePhos,KOAc,p-Xylene,0.057,105,5.45,0.370126256
JackiePhos,KOAc,p-Xylene,0.057,120,5.4,0.370126074
JackiePhos,KOAc,p-Xylene,0.153,90,6.73,0.352958586
JackiePhos,KOAc,p-Xylene,0.153,105,7.61,0.352961797
JackiePhos,KOAc,p-Xylene,0.153,120,7.88,0.352962783
JackiePhos,KOAc,DMAc,0.1,90,45.87,0.356143668
JackiePhos,KOAc,DMAc,0.1,105,75.22,0.356228278
JackiePhos,KOAc,DMAc,0.1,120,75.12,0.35622799
JackiePhos,KOAc,DMAc,0.057,90,72.24,0.366347319
JackiePhos,KOAc,DMAc,0.057,105,87.62,0.366391656
JackiePhos,KOAc,DMAc,0.057,120,89.14,0.366396038
JackiePhos,KOAc,DMAc,0.153,90,36.97,0.351467522
JackiePhos,KOAc,DMAc,0.153,105,63.88,0.351545097
JackiePhos,KOAc,DMAc,0.153,120,85.21,0.351606587
JackiePhos,CsOAc,BuOAc,0.1,90,2.69,0.413243632
JackiePhos,CsOAc,BuOAc,0.1,105,3.08,0.413245825
JackiePhos,CsOAc,BuOAc,0.1,120,4.06,0.413251337
JackiePhos,CsOAc,BuOAc,0.057,90,1.79,0.431796464
JackiePhos,CsOAc,BuOAc,0.057,105,3.37,0.431805351
JackiePhos,CsOAc,BuOAc,0.057,120,2.45,0.431800176
JackiePhos,CsOAc,BuOAc,0.153,90,3.38,0.404725944
JackiePhos,CsOAc,BuOAc,0.153,105,4.09,0.404729937
JackiePhos,CsOAc,BuOAc,0.153,120,4.87,0.404734325
JackiePhos,CsOAc,BuCN,0.1,90,32.14,0.419580956
JackiePhos,CsOAc,BuCN,0.1,105,26.69,0.41953911
JackiePhos,CsOAc,BuCN,0.1,120,23.5,0.419514617
JackiePhos,CsOAc,BuCN,0.057,90,23.51,0.442372588
JackiePhos,CsOAc,BuCN,0.057,105,23.83,0.442375045
JackiePhos,CsOAc,BuCN,0.057,120,23.23,0.442370438
JackiePhos,CsOAc,BuCN,0.153,90,36.32,0.409116973
JackiePhos,CsOAc,BuCN,0.153,105,32.74,0.409089485
JackiePhos,CsOAc,BuCN,0.153,120,27.41,0.40904856
JackiePhos,CsOAc,p-Xylene,0.1,90,5.5,0.403858464
JackiePhos,CsOAc,p-Xylene,0.1,105,7.15,0.403864486
JackiePhos,CsOAc,p-Xylene,0.1,120,8.31,0.40386872
JackiePhos,CsOAc,p-Xylene,0.057,90,5.48,0.415626812
JackiePhos,CsOAc,p-Xylene,0.057,105,6.15,0.415629258
JackiePhos,CsOAc,p-Xylene,0.057,120,6.44,0.415630316
JackiePhos,CsOAc,p-Xylene,0.153,90,6.77,0.398459178
JackiePhos,CsOAc,p-Xylene,0.153,105,10.93,0.398474361
JackiePhos,CsOAc,p-Xylene,0.153,120,10.77,0.398473777
JackiePhos,CsOAc,DMAc,0.1,90,16.92,0.401560658
JackiePhos,CsOAc,DMAc,0.1,105,41,0.401630076
JackiePhos,CsOAc,DMAc,0.1,120,67.63,0.401706844
JackiePhos,CsOAc,DMAc,0.057,90,40.47,0.411756179
JackiePhos,CsOAc,DMAc,0.057,105,71.97,0.411846987
JackiePhos,CsOAc,DMAc,0.057,120,81.48,0.411874402
JackiePhos,CsOAc,DMAc,0.153,90,11.77,0.396895322
JackiePhos,CsOAc,DMAc,0.153,105,22.3,0.396925677
JackiePhos,CsOAc,DMAc,0.153,120,39.57,0.396975463
JackiePhos,KOPiv,BuOAc,0.1,90,0,0.366633755
JackiePhos,KOPiv,BuOAc,0.1,105,5.98,0.36666739
JackiePhos,KOPiv,BuOAc,0.1,120,6.73,0.366671609
JackiePhos,KOPiv,BuOAc,0.057,90,3.67,0.385212292
JackiePhos,KOPiv,BuOAc,0.057,105,4.15,0.385214992
JackiePhos,KOPiv,BuOAc,0.057,120,3.96,0.385213924
JackiePhos,KOPiv,BuOAc,0.153,90,5.68,0.358144134
JackiePhos,KOPiv,BuOAc,0.153,105,6.7,0.358149871
JackiePhos,KOPiv,BuOAc,0.153,120,6.87,0.358150828
JackiePhos,KOPiv,BuCN,0.1,90,0,0.372739433
JackiePhos,KOPiv,BuCN,0.1,105,16.82,0.37286858
JackiePhos,KOPiv,BuCN,0.1,120,16.47,0.372865893
JackiePhos,KOPiv,BuCN,0.057,90,16.57,0.395724556
JackiePhos,KOPiv,BuCN,0.057,105,15.64,0.395717415
JackiePhos,KOPiv,BuCN,0.057,120,16.07,0.395720716
JackiePhos,KOPiv,BuCN,0.153,90,22.3,0.362414578
JackiePhos,KOPiv,BuCN,0.153,105,23.1,0.362420721
JackiePhos,KOPiv,BuCN,0.153,120,20.51,0.362400834
JackiePhos,KOPiv,p-Xylene,0.1,90,8.98,0.357276419
JackiePhos,KOPiv,p-Xylene,0.1,105,9.9,0.357279777
JackiePhos,KOPiv,p-Xylene,0.1,120,11.69,0.35728631
JackiePhos,KOPiv,p-Xylene,0.057,90,7.25,0.369038526
JackiePhos,KOPiv,p-Xylene,0.057,105,8.93,0.369044658
JackiePhos,KOPiv,p-Xylene,0.057,120,8.9,0.369044548
JackiePhos,KOPiv,p-Xylene,0.153,90,9.96,0.351876074
JackiePhos,KOPiv,p-Xylene,0.153,105,12.77,0.35188633
JackiePhos,KOPiv,p-Xylene,0.153,120,13.33,0.351888374
JackiePhos,KOPiv,DMAc,0.1,90,3.51,0.354927254
JackiePhos,KOPiv,DMAc,0.1,105,50.54,0.355062831
JackiePhos,KOPiv,DMAc,0.1,120,70.26,0.35511968
JackiePhos,KOPiv,DMAc,0.057,90,7.12,0.365065293
JackiePhos,KOPiv,DMAc,0.057,105,54.07,0.365200639
JackiePhos,KOPiv,DMAc,0.057,120,82.13,0.36528153
JackiePhos,KOPiv,DMAc,0.153,90,2.9,0.350275005
JackiePhos,KOPiv,DMAc,0.153,105,11.68,0.350300316
JackiePhos,KOPiv,DMAc,0.153,120,43.12,0.350390951
JackiePhos,CsOPiv,BuOAc,0.1,90,2.21,0.454114198
JackiePhos,CsOPiv,BuOAc,0.1,105,2.41,0.454115323
JackiePhos,CsOPiv,BuOAc,0.1,120,2.48,0.454115716
JackiePhos,CsOPiv,BuOAc,0.057,90,0.99,0.472665231
JackiePhos,CsOPiv,BuOAc,0.057,105,1.3,0.472666974
JackiePhos,CsOPiv,BuOAc,0.057,120,1.23,0.47266658
JackiePhos,CsOPiv,BuOAc,0.153,90,2.77,0.445595779
JackiePhos,CsOPiv,BuOAc,0.153,105,3.13,0.445597804
JackiePhos,CsOPiv,BuOAc,0.153,120,3.18,0.445598085
JackiePhos,CsOPiv,BuCN,0.1,90,13.01,0.460307338
JackiePhos,CsOPiv,BuCN,0.1,105,11.95,0.4602992
JackiePhos,CsOPiv,BuCN,0.1,120,12.12,0.460300505
JackiePhos,CsOPiv,BuCN,0.057,90,11.65,0.483154791
JackiePhos,CsOPiv,BuCN,0.057,105,10.68,0.483147343
JackiePhos,CsOPiv,BuCN,0.057,120,11.26,0.483151796
JackiePhos,CsOPiv,BuCN,0.153,90,16.91,0.449841205
JackiePhos,CsOPiv,BuCN,0.153,105,13.99,0.449818785
JackiePhos,CsOPiv,BuCN,0.153,120,13.79,0.449817249
JackiePhos,CsOPiv,p-Xylene,0.1,90,7.8,0.444740125
JackiePhos,CsOPiv,p-Xylene,0.1,105,8.06,0.444741073
JackiePhos,CsOPiv,p-Xylene,0.1,120,8.89,0.444744103
JackiePhos,CsOPiv,p-Xylene,0.057,90,0,0.456480078
JackiePhos,CsOPiv,p-Xylene,0.057,105,6.96,0.45650548
JackiePhos,CsOPiv,p-Xylene,0.057,120,7.03,0.456505735
JackiePhos,CsOPiv,p-Xylene,0.153,90,9.32,0.439341751
JackiePhos,CsOPiv,p-Xylene,0.153,105,10.46,0.439345911
JackiePhos,CsOPiv,p-Xylene,0.153,120,13.34,0.439356423
JackiePhos,CsOPiv,DMAc,0.1,90,1.26,0.44238878
JackiePhos,CsOPiv,DMAc,0.1,105,0,0.442385148
JackiePhos,CsOPiv,DMAc,0.1,120,13.46,0.44242395
JackiePhos,CsOPiv,DMAc,0.057,90,2.72,0.45252062
JackiePhos,CsOPiv,DMAc,0.057,105,9.52,0.452540223
JackiePhos,CsOPiv,DMAc,0.057,120,22.07,0.452576402
JackiePhos,CsOPiv,DMAc,0.153,90,0.97,0.437737454
JackiePhos,CsOPiv,DMAc,0.153,105,2.84,0.437742845
JackiePhos,CsOPiv,DMAc,0.153,120,5.65,0.437750945
CgMe-PPh,KOAc,BuOAc,0.1,90,14.83,0.069563708
CgMe-PPh,KOAc,BuOAc,0.1,105,41.35,0.069712871
CgMe-PPh,KOAc,BuOAc,0.1,120,51.37,0.069769229
CgMe-PPh,KOAc,BuOAc,0.057,90,12.61,0.088109116
CgMe-PPh,KOAc,BuOAc,0.057,105,35.64,0.08823865
CgMe-PPh,KOAc,BuOAc,0.057,120,46.42,0.088299282
CgMe-PPh,KOAc,BuOAc,0.153,90,16.83,0.061053388
CgMe-PPh,KOAc,BuOAc,0.153,105,38.53,0.061175441
CgMe-PPh,KOAc,BuOAc,0.153,120,52.47,0.061253848
CgMe-PPh,KOAc,BuCN,0.1,90,16.04,0.075709131
CgMe-PPh,KOAc,BuCN,0.1,105,54.67,0.07600574
CgMe-PPh,KOAc,BuCN,0.1,120,67.57,0.076104788
CgMe-PPh,KOAc,BuCN,0.057,90,17.45,0.098577852
CgMe-PPh,KOAc,BuCN,0.057,105,36.66,0.09872535
CgMe-PPh,KOAc,BuCN,0.057,120,76.66,0.099032478
CgMe-PPh,KOAc,BuCN,0.153,90,19.99,0.065243382
CgMe-PPh,KOAc,BuCN,0.153,105,50.75,0.065479563
CgMe-PPh,KOAc,BuCN,0.153,120,80.86,0.065710753
CgMe-PPh,KOAc,p-Xylene,0.1,90,11.95,0.060133799
CgMe-PPh,KOAc,p-Xylene,0.1,105,35.6,0.060220115
CgMe-PPh,KOAc,p-Xylene,0.1,120,46.75,0.06026081
CgMe-PPh,KOAc,p-Xylene,0.057,90,8.45,0.071889446
CgMe-PPh,KOAc,p-Xylene,0.057,105,25.69,0.071952367
CgMe-PPh,KOAc,p-Xylene,0.057,120,31.14,0.071972258
CgMe-PPh,KOAc,p-Xylene,0.153,90,16.95,0.054748126
CgMe-PPh,KOAc,p-Xylene,0.153,105,41.64,0.054838238
CgMe-PPh,KOAc,p-Xylene,0.153,120,60.29,0.054906306
CgMe-PPh,KOAc,DMAc,0.1,90,13.19,0.057801699
CgMe-PPh,KOAc,DMAc,0.1,105,80.38,0.057995393
CgMe-PPh,KOAc,DMAc,0.1,120,83.22,0.05800358
CgMe-PPh,KOAc,DMAc,0.057,90,30.41,0.067978972
CgMe-PPh,KOAc,DMAc,0.057,105,67.21,0.068085059
CgMe-PPh,KOAc,DMAc,0.057,120,96.64,0.068169899
CgMe-PPh,KOAc,DMAc,0.153,90,28.9,0.053196497
CgMe-PPh,KOAc,DMAc,0.153,105,87,0.053363987
CgMe-PPh,KOAc,DMAc,0.153,120,98.38,0.053396793
CgMe-PPh,CsOAc,BuOAc,0.1,90,24.59,0.11511905
CgMe-PPh,CsOAc,BuOAc,0.1,105,45.01,0.115233903
CgMe-PPh,CsOAc,BuOAc,0.1,120,57.84,0.115306066
CgMe-PPh,CsOAc,BuOAc,0.057,90,20.2,0.133652252
CgMe-PPh,CsOAc,BuOAc,0.057,105,38.53,0.133755351
CgMe-PPh,CsOAc,BuOAc,0.057,120,38.65,0.133756026
CgMe-PPh,CsOAc,BuOAc,0.153,90,31.58,0.106636797
CgMe-PPh,CsOAc,BuOAc,0.153,105,50.69,0.106744282
CgMe-PPh,CsOAc,BuOAc,0.153,120,62.33,0.106809752
CgMe-PPh,CsOAc,BuCN,0.1,90,57.95,0.12153137
CgMe-PPh,CsOAc,BuCN,0.1,105,82.33,0.121718564
CgMe-PPh,CsOAc,BuCN,0.1,120,88.82,0.121768396
CgMe-PPh,CsOAc,BuCN,0.057,90,57.85,0.144388497
CgMe-PPh,CsOAc,BuCN,0.057,105,67.85,0.144465279
CgMe-PPh,CsOAc,BuCN,0.057,120,50.74,0.144333905
CgMe-PPh,CsOAc,BuCN,0.153,90,63.2,0.111075602
CgMe-PPh,CsOAc,BuCN,0.153,105,96.38,0.111330365
CgMe-PPh,CsOAc,BuCN,0.153,120,99.98,0.111358006
CgMe-PPh,CsOAc,p-Xylene,0.1,90,23.05,0.105674757
CgMe-PPh,CsOAc,p-Xylene,0.1,105,68.35,0.105840091
CgMe-PPh,CsOAc,p-Xylene,0.1,120,62.73,0.105819579
CgMe-PPh,CsOAc,p-Xylene,0.057,90,28.4,0.117462704
CgMe-PPh,CsOAc,p-Xylene,0.057,105,41.1,0.117509056
CgMe-PPh,CsOAc,p-Xylene,0.057,120,59.82,0.117577379
CgMe-PPh,CsOAc,p-Xylene,0.153,90,44.22,0.100348101
CgMe-PPh,CsOAc,p-Xylene,0.153,105,80.69,0.100481207
CgMe-PPh,CsOAc,p-Xylene,0.153,120,91.19,0.100519529
CgMe-PPh,CsOAc,DMAc,0.1,90,39.55,0.103378136
CgMe-PPh,CsOAc,DMAc,0.1,105,83.25,0.103504113
CgMe-PPh,CsOAc,DMAc,0.1,120,81.63,0.103499443
CgMe-PPh,CsOAc,DMAc,0.057,90,38.8,0.113503605
CgMe-PPh,CsOAc,DMAc,0.057,105,91.39,0.11365521
CgMe-PPh,CsOAc,DMAc,0.057,120,95.48,0.113667001
CgMe-PPh,CsOAc,DMAc,0.153,90,43.84,0.098740012
CgMe-PPh,CsOAc,DMAc,0.153,105,100,0.098901909
CgMe-PPh,CsOAc,DMAc,0.153,120,99.22,0.098899661
CgMe-PPh,KOPiv,BuOAc,0.1,90,21.51,0.06850698
CgMe-PPh,KOPiv,BuOAc,0.1,105,36.23,0.068589774
CgMe-PPh,KOPiv,BuOAc,0.1,120,42.62,0.068625715
CgMe-PPh,KOPiv,BuOAc,0.057,90,17.63,0.087043051
CgMe-PPh,KOPiv,BuOAc,0.057,105,30.75,0.087116846
CgMe-PPh,KOPiv,BuOAc,0.057,120,33.69,0.087133382
CgMe-PPh,KOPiv,BuOAc,0.153,90,22.65,0.059991823
CgMe-PPh,KOPiv,BuOAc,0.153,105,32.43,0.060046832
CgMe-PPh,KOPiv,BuOAc,0.153,120,45.73,0.060121638
CgMe-PPh,KOPiv,BuCN,0.1,90,57.18,0.074930712
CgMe-PPh,KOPiv,BuCN,0.1,105,76.68,0.075080437
CgMe-PPh,KOPiv,BuCN,0.1,120,70.51,0.075033062
CgMe-PPh,KOPiv,BuCN,0.057,90,51.32,0.097743613
CgMe-PPh,KOPiv,BuCN,0.057,105,76.85,0.097939637
CgMe-PPh,KOPiv,BuCN,0.057,120,77.52,0.097944781
CgMe-PPh,KOPiv,BuCN,0.153,90,52.23,0.064396627
CgMe-PPh,KOPiv,BuCN,0.153,105,69.2,0.064526925
CgMe-PPh,KOPiv,BuCN,0.153,120,80.65,0.064614841
CgMe-PPh,KOPiv,p-Xylene,0.1,90,18.9,0.059064865
CgMe-PPh,KOPiv,p-Xylene,0.1,105,32.37,0.059114027
CgMe-PPh,KOPiv,p-Xylene,0.1,120,40.85,0.059144977
CgMe-PPh,KOPiv,p-Xylene,0.057,90,16.15,0.070823249
CgMe-PPh,KOPiv,p-Xylene,0.057,105,17,0.070826351
CgMe-PPh,KOPiv,p-Xylene,0.057,120,26.39,0.070860622
CgMe-PPh,KOPiv,p-Xylene,0.153,90,20.67,0.053667403
CgMe-PPh,KOPiv,p-Xylene,0.153,105,31.32,0.053706273
CgMe-PPh,KOPiv,p-Xylene,0.153,120,44.47,0.053754267
CgMe-PPh,KOPiv,DMAc,0.1,90,55.7,0.056829946
CgMe-PPh,KOPiv,DMAc,0.1,105,89.76,0.056928134
CgMe-PPh,KOPiv,DMAc,0.1,120,87.59,0.056921878
CgMe-PPh,KOPiv,DMAc,0.057,90,62.75,0.066977902
CgMe-PPh,KOPiv,DMAc,0.057,105,90.39,0.067057582
CgMe-PPh,KOPiv,DMAc,0.057,120,89.95,0.067056313
CgMe-PPh,KOPiv,DMAc,0.153,90,61.09,0.052194994
CgMe-PPh,KOPiv,DMAc,0.153,105,98.49,0.05230281
CgMe-PPh,KOPiv,DMAc,0.153,120,99.81,0.052306616
CgMe-PPh,CsOPiv,BuOAc,0.1,90,17.93,0.155954856
CgMe-PPh,CsOPiv,BuOAc,0.1,105,24,0.155988997
CgMe-PPh,CsOPiv,BuOAc,0.1,120,26.74,0.156004408
CgMe-PPh,CsOPiv,BuOAc,0.057,90,14.68,0.174494471
CgMe-PPh,CsOPiv,BuOAc,0.057,105,19.84,0.174523494
CgMe-PPh,CsOPiv,BuOAc,0.057,120,19.71,0.174522762
CgMe-PPh,CsOPiv,BuOAc,0.153,90,18.93,0.147438912
CgMe-PPh,CsOPiv,BuOAc,0.153,105,22.88,0.147461129
CgMe-PPh,CsOPiv,BuOAc,0.153,120,26.69,0.147482559
CgMe-PPh,CsOPiv,BuCN,0.1,90,37.4,0.162246849
CgMe-PPh,CsOPiv,BuCN,0.1,105,65.69,0.162464065
CgMe-PPh,CsOPiv,BuCN,0.1,120,71.57,0.162509213
CgMe-PPh,CsOPiv,BuCN,0.057,90,43.22,0.185149431
CgMe-PPh,CsOPiv,BuCN,0.057,105,11.18,0.184903422
CgMe-PPh,CsOPiv,BuCN,0.057,120,75.46,0.185396976
CgMe-PPh,CsOPiv,BuCN,0.153,90,36.73,0.151745627
CgMe-PPh,CsOPiv,BuCN,0.153,105,53.52,0.151874543
CgMe-PPh,CsOPiv,BuCN,0.153,120,71.81,0.152014977
CgMe-PPh,CsOPiv,p-Xylene,0.1,90,8.21,0.146493861
CgMe-PPh,CsOPiv,p-Xylene,0.1,105,16.46,0.146523971
CgMe-PPh,CsOPiv,p-Xylene,0.1,120,20.03,0.146537001
CgMe-PPh,CsOPiv,p-Xylene,0.057,90,0.4,0.158233777
CgMe-PPh,CsOPiv,p-Xylene,0.057,105,11.91,0.158275786
CgMe-PPh,CsOPiv,p-Xylene,0.057,120,12.23,0.158276954
CgMe-PPh,CsOPiv,p-Xylene,0.153,90,13.02,0.141107495
CgMe-PPh,CsOPiv,p-Xylene,0.153,105,19.28,0.141130342
CgMe-PPh,CsOPiv,p-Xylene,0.153,120,19.13,0.141129795
CgMe-PPh,CsOPiv,DMAc,0.1,90,75.28,0.144354403
CgMe-PPh,CsOPiv,DMAc,0.1,105,91.11,0.144400038
CgMe-PPh,CsOPiv,DMAc,0.1,120,83.85,0.144379109
CgMe-PPh,CsOPiv,DMAc,0.057,90,65.32,0.154453322
CgMe-PPh,CsOPiv,DMAc,0.057,105,91.06,0.154527525
CgMe-PPh,CsOPiv,DMAc,0.057,120,92.03,0.154530321
CgMe-PPh,CsOPiv,DMAc,0.153,90,84.03,0.139729137
CgMe-PPh,CsOPiv,DMAc,0.153,105,100,0.139775175
CgMe-PPh,CsOPiv,DMAc,0.153,120,92.19,0.139752661
PPhMe2,KOAc,BuOAc,0.1,90,0,0.040322914
PPhMe2,KOAc,BuOAc,0.1,105,0,0.040322914
PPhMe2,KOAc,BuOAc,0.1,120,0,0.040322914
PPhMe2,KOAc,BuOAc,0.057,90,0,0.058880809
PPhMe2,KOAc,BuOAc,0.057,105,0,0.058880809
PPhMe2,KOAc,BuOAc,0.057,120,0,0.058880809
PPhMe2,KOAc,BuOAc,0.153,90,0,0.031801346
PPhMe2,KOAc,BuOAc,0.153,105,0,0.031801346
PPhMe2,KOAc,BuOAc,0.153,120,0,0.031801346
PPhMe2,KOAc,BuCN,0.1,90,0,0.046428592
PPhMe2,KOAc,BuCN,0.1,105,0,0.046428592
PPhMe2,KOAc,BuCN,0.1,120,0,0.046428592
PPhMe2,KOAc,BuCN,0.057,90,0,0.069286487
PPhMe2,KOAc,BuCN,0.057,105,0,0.069286487
PPhMe2,KOAc,BuCN,0.057,120,0,0.069286487
PPhMe2,KOAc,BuCN,0.153,90,0,0.035932514
PPhMe2,KOAc,BuCN,0.153,105,0,0.035932514
PPhMe2,KOAc,BuCN,0.153,120,0,0.035932514
PPhMe2,KOAc,p-Xylene,0.1,90,0,0.030932803
PPhMe2,KOAc,p-Xylene,0.1,105,0,0.030932803
PPhMe2,KOAc,p-Xylene,0.1,120,0,0.030932803
PPhMe2,KOAc,p-Xylene,0.057,90,0,0.042701224
PPhMe2,KOAc,p-Xylene,0.057,105,0,0.042701224
PPhMe2,KOAc,p-Xylene,0.057,120,0,0.042701224
PPhMe2,KOAc,p-Xylene,0.153,90,0,0.025528882
PPhMe2,KOAc,p-Xylene,0.153,105,0,0.025528882
PPhMe2,KOAc,p-Xylene,0.153,120,0,0.025528882
PPhMe2,KOAc,DMAc,0.1,90,0,0.028606294
PPhMe2,KOAc,DMAc,0.1,105,0,0.028606294
PPhMe2,KOAc,DMAc,0.1,120,3.59,0.028616644
PPhMe2,KOAc,DMAc,0.057,90,0,0.038733926
PPhMe2,KOAc,DMAc,0.057,105,0,0.038733926
PPhMe2,KOAc,DMAc,0.057,120,3.33,0.038743526
PPhMe2,KOAc,DMAc,0.153,90,0,0.023955804
PPhMe2,KOAc,DMAc,0.153,105,0,0.023955804
PPhMe2,KOAc,DMAc,0.153,120,2.78,0.023963818
PPhMe2,CsOAc,BuOAc,0.1,90,0,0.08582336
PPhMe2,CsOAc,BuOAc,0.1,105,0,0.08582336
PPhMe2,CsOAc,BuOAc,0.1,120,0,0.08582336
PPhMe2,CsOAc,BuOAc,0.057,90,0,0.104381255
PPhMe2,CsOAc,BuOAc,0.057,105,0,0.104381255
PPhMe2,CsOAc,BuOAc,0.057,120,0,0.104381255
PPhMe2,CsOAc,BuOAc,0.153,90,0,0.077301792
PPhMe2,CsOAc,BuOAc,0.153,105,0,0.077301792
PPhMe2,CsOAc,BuOAc,0.153,120,1.8,0.077311916
PPhMe2,CsOAc,BuCN,0.1,90,0,0.091929038
PPhMe2,CsOAc,BuCN,0.1,105,0,0.091929038
PPhMe2,CsOAc,BuCN,0.1,120,0,0.091929038
PPhMe2,CsOAc,BuCN,0.057,90,0,0.114786933
PPhMe2,CsOAc,BuCN,0.057,105,0,0.114786933
PPhMe2,CsOAc,BuCN,0.057,120,0,0.114786933
PPhMe2,CsOAc,BuCN,0.153,90,0,0.08143296
PPhMe2,CsOAc,BuCN,0.153,105,0,0.08143296
PPhMe2,CsOAc,BuCN,0.153,120,0,0.08143296
PPhMe2,CsOAc,p-Xylene,0.1,90,0,0.07643325
PPhMe2,CsOAc,p-Xylene,0.1,105,0,0.07643325
PPhMe2,CsOAc,p-Xylene,0.1,120,0,0.07643325
PPhMe2,CsOAc,p-Xylene,0.057,90,0,0.088201671
PPhMe2,CsOAc,p-Xylene,0.057,105,0,0.088201671
PPhMe2,CsOAc,p-Xylene,0.057,120,0,0.088201671
PPhMe2,CsOAc,p-Xylene,0.153,90,0,0.071029328
PPhMe2,CsOAc,p-Xylene,0.153,105,0,0.071029328
PPhMe2,CsOAc,p-Xylene,0.153,120,0,0.071029328
PPhMe2,CsOAc,DMAc,0.1,90,0,0.074106741
PPhMe2,CsOAc,DMAc,0.1,105,0,0.074106741
PPhMe2,CsOAc,DMAc,0.1,120,19.02,0.074161571
PPhMe2,CsOAc,DMAc,0.057,90,0,0.084234372
PPhMe2,CsOAc,DMAc,0.057,105,0,0.084234372
PPhMe2,CsOAc,DMAc,0.057,120,5.9,0.084251381
PPhMe2,CsOAc,DMAc,0.153,90,0,0.06945625
PPhMe2,CsOAc,DMAc,0.153,105,0,0.06945625
PPhMe2,CsOAc,DMAc,0.153,120,2.79,0.069464293
PPhMe2,KOPiv,BuOAc,0.1,90,0,0.039228614
PPhMe2,KOPiv,BuOAc,0.1,105,0,0.039228614
PPhMe2,KOPiv,BuOAc,0.1,120,0,0.039228614
PPhMe2,KOPiv,BuOAc,0.057,90,0,0.057786509
PPhMe2,KOPiv,BuOAc,0.057,105,0,0.057786509
PPhMe2,KOPiv,BuOAc,0.057,120,0,0.057786509
PPhMe2,KOPiv,BuOAc,0.153,90,0,0.030707046
PPhMe2,KOPiv,BuOAc,0.153,105,0,0.030707046
PPhMe2,KOPiv,BuOAc,0.153,120,0,0.030707046
PPhMe2,KOPiv,BuCN,0.1,90,0,0.045334292
PPhMe2,KOPiv,BuCN,0.1,105,0,0.045334292
PPhMe2,KOPiv,BuCN,0.1,120,0,0.045334292
PPhMe2,KOPiv,BuCN,0.057,90,0,0.068192187
PPhMe2,KOPiv,BuCN,0.057,105,0,0.068192187
PPhMe2,KOPiv,BuCN,0.057,120,0,0.068192187
PPhMe2,KOPiv,BuCN,0.153,90,0,0.034838214
PPhMe2,KOPiv,BuCN,0.153,105,0,0.034838214
PPhMe2,KOPiv,BuCN,0.153,120,0,0.034838214
PPhMe2,KOPiv,p-Xylene,0.1,90,0,0.029838504
PPhMe2,KOPiv,p-Xylene,0.1,105,0,0.029838504
PPhMe2,KOPiv,p-Xylene,0.1,120,0,0.029838504
PPhMe2,KOPiv,p-Xylene,0.057,90,0,0.041606925
PPhMe2,KOPiv,p-Xylene,0.057,105,0,0.041606925
PPhMe2,KOPiv,p-Xylene,0.057,120,0,0.041606925
PPhMe2,KOPiv,p-Xylene,0.153,90,0,0.024434582
PPhMe2,KOPiv,p-Xylene,0.153,105,0,0.024434582
PPhMe2,KOPiv,p-Xylene,0.153,120,0,0.024434582
PPhMe2,KOPiv,DMAc,0.1,90,0,0.027511995
PPhMe2,KOPiv,DMAc,0.1,105,0,0.027511995
PPhMe2,KOPiv,DMAc,0.1,120,3.35,0.027521652
PPhMe2,KOPiv,DMAc,0.057,90,0,0.037639626
PPhMe2,KOPiv,DMAc,0.057,105,0,0.037639626
PPhMe2,KOPiv,DMAc,0.057,120,2.15,0.037645824
PPhMe2,KOPiv,DMAc,0.153,90,0,0.022861504
PPhMe2,KOPiv,DMAc,0.153,105,0,0.022861504
PPhMe2,KOPiv,DMAc,0.153,120,0,0.022861504
PPhMe2,CsOPiv,BuOAc,0.1,90,0,0.126696626
PPhMe2,CsOPiv,BuOAc,0.1,105,0,0.126696626
PPhMe2,CsOPiv,BuOAc,0.1,120,0,0.126696626
PPhMe2,CsOPiv,BuOAc,0.057,90,0,0.145254521
PPhMe2,CsOPiv,BuOAc,0.057,105,0,0.145254521
PPhMe2,CsOPiv,BuOAc,0.057,120,0,0.145254521
PPhMe2,CsOPiv,BuOAc,0.153,90,0,0.118175058
PPhMe2,CsOPiv,BuOAc,0.153,105,0,0.118175058
PPhMe2,CsOPiv,BuOAc,0.153,120,0,0.118175058
PPhMe2,CsOPiv,BuCN,0.1,90,0,0.132802304
PPhMe2,CsOPiv,BuCN,0.1,105,0,0.132802304
PPhMe2,CsOPiv,BuCN,0.1,120,0,0.132802304
PPhMe2,CsOPiv,BuCN,0.057,90,0,0.155660199
PPhMe2,CsOPiv,BuCN,0.057,105,0,0.155660199
PPhMe2,CsOPiv,BuCN,0.057,120,0,0.155660199
PPhMe2,CsOPiv,BuCN,0.153,90,0,0.122306226
PPhMe2,CsOPiv,BuCN,0.153,105,0,0.122306226
PPhMe2,CsOPiv,BuCN,0.153,120,0,0.122306226
PPhMe2,CsOPiv,p-Xylene,0.1,90,0,0.117306516
PPhMe2,CsOPiv,p-Xylene,0.1,105,0,0.117306516
PPhMe2,CsOPiv,p-Xylene,0.1,120,0,0.117306516
PPhMe2,CsOPiv,p-Xylene,0.057,90,0,0.129074937
PPhMe2,CsOPiv,p-Xylene,0.057,105,0,0.129074937
PPhMe2,CsOPiv,p-Xylene,0.057,120,0,0.129074937
PPhMe2,CsOPiv,p-Xylene,0.153,90,0,0.111902594
PPhMe2,CsOPiv,p-Xylene,0.153,105,0,0.111902594
PPhMe2,CsOPiv,p-Xylene,0.153,120,0,0.111902594
PPhMe2,CsOPiv,DMAc,0.1,90,0,0.114980007
PPhMe2,CsOPiv,DMAc,0.1,105,0,0.114980007
PPhMe2,CsOPiv,DMAc,0.1,120,0,0.114980007
PPhMe2,CsOPiv,DMAc,0.057,90,0,0.125107638
PPhMe2,CsOPiv,DMAc,0.057,105,0,0.125107638
PPhMe2,CsOPiv,DMAc,0.057,120,0,0.125107638
PPhMe2,CsOPiv,DMAc,0.153,90,0,0.110329516
PPhMe2,CsOPiv,DMAc,0.153,105,0,0.110329516
PPhMe2,CsOPiv,DMAc,0.153,120,0,0.110329516
P(fur)3,KOAc,BuOAc,0.1,90,5.5,0.050339628
P(fur)3,KOAc,BuOAc,0.1,105,9.87,0.050364208
P(fur)3,KOAc,BuOAc,0.1,120,21.34,0.050428722
P(fur)3,KOAc,BuOAc,0.057,90,3.78,0.068887849
P(fur)3,KOAc,BuOAc,0.057,105,8.43,0.068914003
P(fur)3,KOAc,BuOAc,0.057,120,9.35,0.068919178
P(fur)3,KOAc,BuOAc,0.153,90,10.04,0.041843595
P(fur)3,KOAc,BuOAc,0.153,105,14.19,0.041866937
P(fur)3,KOAc,BuOAc,0.153,120,13.12,0.041860919
P(fur)3,KOAc,BuCN,0.1,90,2.55,0.05643395
P(fur)3,KOAc,BuCN,0.1,105,9.1,0.056484243
P(fur)3,KOAc,BuCN,0.1,120,13.89,0.056521021
P(fur)3,KOAc,BuCN,0.057,90,2.62,0.079292383
P(fur)3,KOAc,BuCN,0.057,105,8.17,0.079334997
P(fur)3,KOAc,BuCN,0.057,120,12.25,0.079366324
P(fur)3,KOAc,BuCN,0.153,90,5.7,0.045962058
P(fur)3,KOAc,BuCN,0.153,105,11.61,0.046007436
P(fur)3,KOAc,BuCN,0.153,120,3.04,0.045941634
P(fur)3,KOAc,p-Xylene,0.1,90,3.63,0.040931831
P(fur)3,KOAc,p-Xylene,0.1,105,8.45,0.040949423
P(fur)3,KOAc,p-Xylene,0.1,120,9.72,0.040954058
P(fur)3,KOAc,p-Xylene,0.057,90,2.65,0.052696675
P(fur)3,KOAc,p-Xylene,0.057,105,4.99,0.052705216
P(fur)3,KOAc,p-Xylene,0.057,120,4.66,0.052704011
P(fur)3,KOAc,p-Xylene,0.153,90,10.66,0.035553567
P(fur)3,KOAc,p-Xylene,0.153,105,11.69,0.035557326
P(fur)3,KOAc,p-Xylene,0.153,120,11.99,0.035558421
P(fur)3,KOAc,DMAc,0.1,90,9.59,0.038619719
P(fur)3,KOAc,DMAc,0.1,105,41.9,0.038712862
P(fur)3,KOAc,DMAc,0.1,120,60.48,0.038766424
P(fur)3,KOAc,DMAc,0.057,90,14.53,0.048761592
P(fur)3,KOAc,DMAc,0.057,105,39.39,0.048833258
P(fur)3,KOAc,DMAc,0.057,120,62.04,0.048898553
P(fur)3,KOAc,DMAc,0.153,90,10.13,0.033970786
P(fur)3,KOAc,DMAc,0.153,105,32.04,0.034033947
P(fur)3,KOAc,DMAc,0.153,120,52.08,0.034091718
P(fur)3,CsOAc,BuOAc,0.1,90,16.28,0.095900707
P(fur)3,CsOAc,BuOAc,0.1,105,15.72,0.095897558
P(fur)3,CsOAc,BuOAc,0.1,120,14.73,0.095891989
P(fur)3,CsOAc,BuOAc,0.057,90,13.72,0.114444203
P(fur)3,CsOAc,BuOAc,0.057,105,14.5,0.11444859
P(fur)3,CsOAc,BuOAc,0.057,120,12.14,0.114435316
P(fur)3,CsOAc,BuOAc,0.153,90,34.6,0.087482181
P(fur)3,CsOAc,BuOAc,0.153,105,34.53,0.087481787
P(fur)3,CsOAc,BuOAc,0.153,120,53.61,0.087589104
P(fur)3,CsOAc,BuCN,0.1,90,26.28,0.1021166
P(fur)3,CsOAc,BuCN,0.1,105,16.19,0.102039127
P(fur)3,CsOAc,BuCN,0.1,120,13.75,0.102020392
P(fur)3,CsOAc,BuCN,0.057,90,12.91,0.124871837
P(fur)3,CsOAc,BuCN,0.057,105,20.05,0.12492666
P(fur)3,CsOAc,BuCN,0.057,120,25.45,0.124968122
P(fur)3,CsOAc,BuCN,0.153,90,29.45,0.091644861
P(fur)3,CsOAc,BuCN,0.153,105,31.29,0.091658989
P(fur)3,CsOAc,BuCN,0.153,120,30.17,0.09165039
P(fur)3,CsOAc,p-Xylene,0.1,90,20.22,0.086492826
P(fur)3,CsOAc,p-Xylene,0.1,105,30.29,0.086529579
P(fur)3,CsOAc,p-Xylene,0.1,120,19.04,0.08648852
P(fur)3,CsOAc,p-Xylene,0.057,90,15.92,0.098245554
P(fur)3,CsOAc,p-Xylene,0.057,105,16.85,0.098248948
P(fur)3,CsOAc,p-Xylene,0.057,120,11.72,0.098230225
P(fur)3,CsOAc,p-Xylene,0.153,90,40.04,0.081161243
P(fur)3,CsOAc,p-Xylene,0.153,105,53.25,0.081209456
P(fur)3,CsOAc,p-Xylene,0.153,120,53.02,0.081208617
P(fur)3,CsOAc,DMAc,0.1,90,17.98,0.084144352
P(fur)3,CsOAc,DMAc,0.1,105,45.21,0.08422285
P(fur)3,CsOAc,DMAc,0.1,120,29.06,0.084176293
P(fur)3,CsOAc,DMAc,0.057,90,18.38,0.094273137
P(fur)3,CsOAc,DMAc,0.057,105,44.25,0.094347714
P(fur)3,CsOAc,DMAc,0.057,120,78.6,0.094446738
P(fur)3,CsOAc,DMAc,0.153,90,24.55,0.079512802
P(fur)3,CsOAc,DMAc,0.153,105,52.56,0.079593548
P(fur)3,CsOAc,DMAc,0.153,120,74.3,0.07965622
P(fur)3,KOPiv,BuOAc,0.1,90,25,0.049355008
P(fur)3,KOPiv,BuOAc,0.1,105,18.21,0.049316817
P(fur)3,KOPiv,BuOAc,0.1,120,21,0.049332509
P(fur)3,KOPiv,BuOAc,0.057,90,15.73,0.067860763
P(fur)3,KOPiv,BuOAc,0.057,105,16.31,0.067864025
P(fur)3,KOPiv,BuOAc,0.057,120,14.81,0.067855588
P(fur)3,KOPiv,BuOAc,0.153,90,33.6,0.04088181
P(fur)3,KOPiv,BuOAc,0.153,105,36.7,0.040899246
P(fur)3,KOPiv,BuOAc,0.153,120,31.43,0.040869605
P(fur)3,KOPiv,BuCN,0.1,90,26.88,0.055526461
P(fur)3,KOPiv,BuCN,0.1,105,46.99,0.055680869
P(fur)3,KOPiv,BuCN,0.1,120,40.02,0.055627352
P(fur)3,KOPiv,BuCN,0.057,90,37.93,0.0784692
P(fur)3,KOPiv,BuCN,0.057,105,43.79,0.078514194
P(fur)3,KOPiv,BuCN,0.057,120,31.53,0.078420059
P(fur)3,KOPiv,BuCN,0.153,90,52.2,0.045224794
P(fur)3,KOPiv,BuCN,0.153,105,57.68,0.045266871
P(fur)3,KOPiv,BuCN,0.153,120,53.11,0.045231781
P(fur)3,KOPiv,p-Xylene,0.1,90,20.46,0.039898956
P(fur)3,KOPiv,p-Xylene,0.1,105,19.32,0.039894796
P(fur)3,KOPiv,p-Xylene,0.1,120,16.71,0.03988527
P(fur)3,KOPiv,p-Xylene,0.057,90,15.86,0.051650589
P(fur)3,KOPiv,p-Xylene,0.057,105,14.68,0.051646282
P(fur)3,KOPiv,p-Xylene,0.057,120,9.88,0.051628763
P(fur)3,KOPiv,p-Xylene,0.153,90,37.3,0.034556497
P(fur)3,KOPiv,p-Xylene,0.153,105,37.71,0.034557993
P(fur)3,KOPiv,p-Xylene,0.153,120,23.8,0.034507225
P(fur)3,KOPiv,DMAc,0.1,90,26.29,0.037573562
P(fur)3,KOPiv,DMAc,0.1,105,73.59,0.037709917
P(fur)3,KOPiv,DMAc,0.1,120,76.02,0.037716922
P(fur)3,KOPiv,DMAc,0.057,90,26.56,0.047701972
P(fur)3,KOPiv,DMAc,0.057,105,64.12,0.047810249
P(fur)3,KOPiv,DMAc,0.057,120,83.62,0.047866463
P(fur)3,KOPiv,DMAc,0.153,90,37.37,0.032955013
P(fur)3,KOPiv,DMAc,0.153,105,64.46,0.033033107
P(fur)3,KOPiv,DMAc,0.153,120,78.93,0.033074821
P(fur)3,CsOPiv,BuOAc,0.1,90,14.58,0.136764412
P(fur)3,CsOPiv,BuOAc,0.1,105,14.51,0.136764018
P(fur)3,CsOPiv,BuOAc,0.1,120,15.21,0.136767955
P(fur)3,CsOPiv,BuOAc,0.057,90,13.13,0.155314151
P(fur)3,CsOPiv,BuOAc,0.057,105,14.84,0.155323769
P(fur)3,CsOPiv,BuOAc,0.057,120,10.59,0.155299864
P(fur)3,CsOPiv,BuOAc,0.153,90,25.64,0.128305051
P(fur)3,CsOPiv,BuOAc,0.153,105,27.05,0.128312981
P(fur)3,CsOPiv,BuOAc,0.153,120,21.09,0.128279459
P(fur)3,CsOPiv,BuCN,0.1,90,31.38,0.143029025
P(fur)3,CsOPiv,BuCN,0.1,105,25.08,0.142980652
P(fur)3,CsOPiv,BuCN,0.1,120,37.73,0.143077781
P(fur)3,CsOPiv,BuCN,0.057,90,26.3,0.165847914
P(fur)3,CsOPiv,BuCN,0.057,105,34.47,0.165910645
P(fur)3,CsOPiv,BuCN,0.057,120,23.81,0.165828796
P(fur)3,CsOPiv,BuCN,0.153,90,44.4,0.132632916
P(fur)3,CsOPiv,BuCN,0.153,105,52.69,0.132696569
P(fur)3,CsOPiv,BuCN,0.153,120,49.48,0.132671922
P(fur)3,CsOPiv,p-Xylene,0.1,90,9.6,0.127327332
P(fur)3,CsOPiv,p-Xylene,0.1,105,10.05,0.127328974
P(fur)3,CsOPiv,p-Xylene,0.1,120,14.75,0.127346128
P(fur)3,CsOPiv,p-Xylene,0.057,90,7.59,0.139088417
P(fur)3,CsOPiv,p-Xylene,0.057,105,7.12,0.139086702
P(fur)3,CsOPiv,p-Xylene,0.057,120,5.15,0.139079512
P(fur)3,CsOPiv,p-Xylene,0.153,90,18.95,0.121957536
P(fur)3,CsOPiv,p-Xylene,0.153,105,15.44,0.121944725
P(fur)3,CsOPiv,p-Xylene,0.153,120,14.29,0.121940528
P(fur)3,CsOPiv,DMAc,0.1,90,21.46,0.12502765
P(fur)3,CsOPiv,DMAc,0.1,105,49.4,0.125108195
P(fur)3,CsOPiv,DMAc,0.1,120,62.32,0.12514544
P(fur)3,CsOPiv,DMAc,0.057,90,21.65,0.135155829
P(fur)3,CsOPiv,DMAc,0.057,105,46.33,0.135226976
P(fur)3,CsOPiv,DMAc,0.057,120,50.7,0.135239574
P(fur)3,CsOPiv,DMAc,0.153,90,31.66,0.120406564
P(fur)3,CsOPiv,DMAc,0.153,105,55.96,0.120476616
P(fur)3,CsOPiv,DMAc,0.153,120,68.17,0.120511814
PPh2Me,KOAc,BuOAc,0.1,90,0,0.039067086
PPh2Me,KOAc,BuOAc,0.1,105,0,0.039067086
PPh2Me,KOAc,BuOAc,0.1,120,0,0.039067086
PPh2Me,KOAc,BuOAc,0.057,90,0,0.05762498
PPh2Me,KOAc,BuOAc,0.057,105,0,0.05762498
PPh2Me,KOAc,BuOAc,0.057,120,0,0.05762498
PPh2Me,KOAc,BuOAc,0.153,90,0,0.030545517
PPh2Me,KOAc,BuOAc,0.153,105,0,0.030545517
PPh2Me,KOAc,BuOAc,0.153,120,0,0.030545517
PPh2Me,KOAc,BuCN,0.1,90,0,0.045172764
PPh2Me,KOAc,BuCN,0.1,105,0,0.045172764
PPh2Me,KOAc,BuCN,0.1,120,0,0.045172764
PPh2Me,KOAc,BuCN,0.057,90,0,0.068030658
PPh2Me,KOAc,BuCN,0.057,105,0,0.068030658
PPh2Me,KOAc,BuCN,0.057,120,0,0.068030658
PPh2Me,KOAc,BuCN,0.153,90,0,0.034676685
PPh2Me,KOAc,BuCN,0.153,105,0,0.034676685
PPh2Me,KOAc,BuCN,0.153,120,0,0.034676685
PPh2Me,KOAc,p-Xylene,0.1,90,0,0.029676975
PPh2Me,KOAc,p-Xylene,0.1,105,0,0.029676975
PPh2Me,KOAc,p-Xylene,0.1,120,0,0.029676975
PPh2Me,KOAc,p-Xylene,0.057,90,0,0.041445396
PPh2Me,KOAc,p-Xylene,0.057,105,0,0.041445396
PPh2Me,KOAc,p-Xylene,0.057,120,0,0.041445396
PPh2Me,KOAc,p-Xylene,0.153,90,0,0.024273053
PPh2Me,KOAc,p-Xylene,0.153,105,0,0.024273053
PPh2Me,KOAc,p-Xylene,0.153,120,0,0.024273053
PPh2Me,KOAc,DMAc,0.1,90,1.06,0.027353522
PPh2Me,KOAc,DMAc,0.1,105,8.23,0.027374191
PPh2Me,KOAc,DMAc,0.1,120,10.51,0.027380764
PPh2Me,KOAc,DMAc,0.057,90,7.3,0.037499142
PPh2Me,KOAc,DMAc,0.057,105,14.36,0.037519494
PPh2Me,KOAc,DMAc,0.057,120,12.01,0.03751272
PPh2Me,KOAc,DMAc,0.153,90,3.02,0.022708682
PPh2Me,KOAc,DMAc,0.153,105,3.79,0.022710901
PPh2Me,KOAc,DMAc,0.153,120,7.5,0.022721597
PPh2Me,CsOAc,BuOAc,0.1,90,0,0.084567532
PPh2Me,CsOAc,BuOAc,0.1,105,0,0.084567532
PPh2Me,CsOAc,BuOAc,0.1,120,0,0.084567532
PPh2Me,CsOAc,BuOAc,0.057,90,0,0.103125427
PPh2Me,CsOAc,BuOAc,0.057,105,0,0.103125427
PPh2Me,CsOAc,BuOAc,0.057,120,0,0.103125427
PPh2Me,CsOAc,BuOAc,0.153,90,0,0.076045963
PPh2Me,CsOAc,BuOAc,0.153,105,0,0.076045963
PPh2Me,CsOAc,BuOAc,0.153,120,0,0.076045963
PPh2Me,CsOAc,BuCN,0.1,90,0,0.09067321
PPh2Me,CsOAc,BuCN,0.1,105,0,0.09067321
PPh2Me,CsOAc,BuCN,0.1,120,0,0.09067321
PPh2Me,CsOAc,BuCN,0.057,90,0,0.113531104
PPh2Me,CsOAc,BuCN,0.057,105,0.04,0.113531412
PPh2Me,CsOAc,BuCN,0.057,120,0,0.113531104
PPh2Me,CsOAc,BuCN,0.153,90,0,0.080177131
PPh2Me,CsOAc,BuCN,0.153,105,0,0.080177131
PPh2Me,CsOAc,BuCN,0.153,120,0,0.080177131
PPh2Me,CsOAc,p-Xylene,0.1,90,0,0.075177421
PPh2Me,CsOAc,p-Xylene,0.1,105,0,0.075177421
PPh2Me,CsOAc,p-Xylene,0.1,120,0,0.075177421
PPh2Me,CsOAc,p-Xylene,0.057,90,0,0.086945842
PPh2Me,CsOAc,p-Xylene,0.057,105,0,0.086945842
PPh2Me,CsOAc,p-Xylene,0.057,120,0,0.086945842
PPh2Me,CsOAc,p-Xylene,0.153,90,0,0.069773499
PPh2Me,CsOAc,p-Xylene,0.153,105,0,0.069773499
PPh2Me,CsOAc,p-Xylene,0.153,120,0,0.069773499
PPh2Me,CsOAc,DMAc,0.1,90,0,0.072850912
PPh2Me,CsOAc,DMAc,0.1,105,9.55,0.072878443
PPh2Me,CsOAc,DMAc,0.1,120,4.61,0.072864202
PPh2Me,CsOAc,DMAc,0.057,90,7.32,0.082999646
PPh2Me,CsOAc,DMAc,0.057,105,20.41,0.083037381
PPh2Me,CsOAc,DMAc,0.057,120,18.16,0.083030895
PPh2Me,CsOAc,DMAc,0.153,90,3.61,0.068210829
PPh2Me,CsOAc,DMAc,0.153,105,3.24,0.068209762
PPh2Me,CsOAc,DMAc,0.153,120,2.33,0.068207139
PPh2Me,KOPiv,BuOAc,0.1,90,0,0.037972786
PPh2Me,KOPiv,BuOAc,0.1,105,0,0.037972786
PPh2Me,KOPiv,BuOAc,0.1,120,0.31,0.03797453
PPh2Me,KOPiv,BuOAc,0.057,90,0,0.056530681
PPh2Me,KOPiv,BuOAc,0.057,105,0,0.056530681
PPh2Me,KOPiv,BuOAc,0.057,120,0,0.056530681
PPh2Me,KOPiv,BuOAc,0.153,90,0,0.029451217
PPh2Me,KOPiv,BuOAc,0.153,105,0,0.029451217
PPh2Me,KOPiv,BuOAc,0.153,120,0,0.029451217
PPh2Me,KOPiv,BuCN,0.1,90,0,0.044078464
PPh2Me,KOPiv,BuCN,0.1,105,0,0.044078464
PPh2Me,KOPiv,BuCN,0.1,120,0,0.044078464
PPh2Me,KOPiv,BuCN,0.057,90,0,0.066936358
PPh2Me,KOPiv,BuCN,0.057,105,1.52,0.066948029
PPh2Me,KOPiv,BuCN,0.057,120,0,0.066936358
PPh2Me,KOPiv,BuCN,0.153,90,0,0.033582385
PPh2Me,KOPiv,BuCN,0.153,105,0,0.033582385
PPh2Me,KOPiv,BuCN,0.153,120,0,0.033582385
PPh2Me,KOPiv,p-Xylene,0.1,90,0,0.028582675
PPh2Me,KOPiv,p-Xylene,0.1,105,0,0.028582675
PPh2Me,KOPiv,p-Xylene,0.1,120,0,0.028582675
PPh2Me,KOPiv,p-Xylene,0.057,90,0,0.040351096
PPh2Me,KOPiv,p-Xylene,0.057,105,0,0.040351096
PPh2Me,KOPiv,p-Xylene,0.057,120,0,0.040351096
PPh2Me,KOPiv,p-Xylene,0.153,90,0,0.023178753
PPh2Me,KOPiv,p-Xylene,0.153,105,0.22,0.023179556
PPh2Me,KOPiv,p-Xylene,0.153,120,0,0.023178753
PPh2Me,KOPiv,DMAc,0.1,90,0,0.026256166
PPh2Me,KOPiv,DMAc,0.1,105,8.85,0.026281679
PPh2Me,KOPiv,DMAc,0.1,120,30.15,0.026343082
PPh2Me,KOPiv,DMAc,0.057,90,5.02,0.036398269
PPh2Me,KOPiv,DMAc,0.057,105,22.92,0.036449871
PPh2Me,KOPiv,DMAc,0.057,120,28.06,0.036464688
PPh2Me,KOPiv,DMAc,0.153,90,2.29,0.021612277
PPh2Me,KOPiv,DMAc,0.153,105,2.77,0.021613661
PPh2Me,KOPiv,DMAc,0.153,120,2.64,0.021613286
PPh2Me,CsOPiv,BuOAc,0.1,90,0,0.125440798
PPh2Me,CsOPiv,BuOAc,0.1,105,0,0.125440798
PPh2Me,CsOPiv,BuOAc,0.1,120,0,0.125440798
PPh2Me,CsOPiv,BuOAc,0.057,90,0,0.143998693
PPh2Me,CsOPiv,BuOAc,0.057,105,0,0.143998693
PPh2Me,CsOPiv,BuOAc,0.057,120,0,0.143998693
PPh2Me,CsOPiv,BuOAc,0.153,90,0,0.116919229
PPh2Me,CsOPiv,BuOAc,0.153,105,0,0.116919229
PPh2Me,CsOPiv,BuOAc,0.153,120,0,0.116919229
PPh2Me,CsOPiv,BuCN,0.1,90,0,0.131546476
PPh2Me,CsOPiv,BuCN,0.1,105,0,0.131546476
PPh2Me,CsOPiv,BuCN,0.1,120,0,0.131546476
PPh2Me,CsOPiv,BuCN,0.057,90,0,0.15440437
PPh2Me,CsOPiv,BuCN,0.057,105,0.53,0.15440844
PPh2Me,CsOPiv,BuCN,0.057,120,0,0.15440437
PPh2Me,CsOPiv,BuCN,0.153,90,0,0.121050397
PPh2Me,CsOPiv,BuCN,0.153,105,0,0.121050397
PPh2Me,CsOPiv,BuCN,0.153,120,0,0.121050397
PPh2Me,CsOPiv,p-Xylene,0.1,90,0,0.116050687
PPh2Me,CsOPiv,p-Xylene,0.1,105,0,0.116050687
PPh2Me,CsOPiv,p-Xylene,0.1,120,0,0.116050687
PPh2Me,CsOPiv,p-Xylene,0.057,90,0,0.127819108
PPh2Me,CsOPiv,p-Xylene,0.057,105,0,0.127819108
PPh2Me,CsOPiv,p-Xylene,0.057,120,0,0.127819108
PPh2Me,CsOPiv,p-Xylene,0.153,90,0,0.110646765
PPh2Me,CsOPiv,p-Xylene,0.153,105,0,0.110646765
PPh2Me,CsOPiv,p-Xylene,0.153,120,1.6,0.110652605
PPh2Me,CsOPiv,DMAc,0.1,90,0,0.113724178
PPh2Me,CsOPiv,DMAc,0.1,105,4.3,0.113736574
PPh2Me,CsOPiv,DMAc,0.1,120,3.7,0.113734844
PPh2Me,CsOPiv,DMAc,0.057,90,3.43,0.123861698
PPh2Me,CsOPiv,DMAc,0.057,105,14.24,0.12389286
PPh2Me,CsOPiv,DMAc,0.057,120,9.36,0.123878793
PPh2Me,CsOPiv,DMAc,0.153,90,1.36,0.109077609
PPh2Me,CsOPiv,DMAc,0.153,105,0,0.109073688
PPh2Me,CsOPiv,DMAc,0.153,120,10.49,0.109103928
