iteration,mean,std
1,12.830000000000002,1.7763568394002505e-15
2,3.782,2.856
3,0.0,0.0
4,9.964,22.085696819434972
5,14.972999999999999,27.127403506417636
6,0.0,0.0
7,64.441,38.83173636344375
8,7.901999999999999,16.996361257633943
9,54.477,34.907796278195505
10,59.285000000000004,38.82593212016938
11,8.448,25.344000000000005
12,4.186,12.484838965721586
13,3.401,6.952298109258549
14,10.7,20.764547189861855
15,3.9989999999999997,6.900110796211899
16,9.630999999999998,9.971941084864069
17,17.775,20.100051865604726
18,1.927,5.028522745300054
19,40.614,39.31500354826386
20,23.628999999999998,18.310371077616097
21,14.470999999999998,27.19826775734072
22,25.942999999999994,22.813957153462
23,36.974,31.13243202835268
24,13.848000000000003,23.626932852149896
25,24.952,33.64154241410462
26,31.855,35.58474624048905
27,18.616000000000003,28.963412160862543
28,9.413,11.365644768335848
29,20.594,24.38352853874927
30,21.33,26.149107059324226
31,18.434999999999995,28.17425961760131
32,16.497,23.35645480375821
33,10.699,15.982537627047842
34,13.509,23.30619035792851
35,18.683,25.828555921692562
36,12.033,17.863384365791383
37,25.707,25.81514247491189
38,21.018,29.11195829895337
39,20.69,29.979985657101302
40,12.591999999999999,24.49630453762363
