iteration,n_available_runs,mean,variance,std
1,10,1.98,1.0115199999999998,1.0057435060690174
2,10,68.651,129.68904899999993,11.388109983662781
3,10,73.374,213.98430400000007,14.628202350254801
4,10,76.718,179.748996,13.407050234857778
5,10,82.95,122.14941999999996,11.052122873004985
6,10,83.30699999999999,101.48918099999997,10.07418388754146
7,10,64.91099999999999,579.1550890000001,24.065641254701692
8,10,73.275,203.35748500000003,14.260346594665924
9,10,55.226,336.10822399999995,18.333254593770302
10,10,60.438,576.596176,24.012417121147966
11,10,58.754,597.9392639999999,24.452796649872177
12,10,59.58399999999999,688.8832239999999,26.246584996909597
13,10,63.36899999999999,348.001269,18.65479211891679
14,10,46.96099999999999,937.4186489999998,30.617293299702375
15,10,51.199999999999996,835.1579600000001,28.899099639954184
16,10,54.24400000000001,780.406124,27.93574992728851
17,10,48.464,1478.944324,38.45704518030474
18,10,49.519999999999996,966.3255200000001,31.08577681191191
19,10,56.58200000000001,1028.450716,32.069467036419546
20,10,70.59,318.17706,17.83751832514826
21,10,60.574,333.29574399999996,18.2563891281929
22,10,67.62899999999999,536.4713290000001,23.16185072484494
23,10,71.964,270.14386400000006,16.43605378428776
24,10,82.15700000000001,233.24242099999998,15.27227622196508
25,10,73.093,156.398661,12.505945026266508
26,10,53.60600000000001,552.1978839999999,23.498891122774282
27,10,66.233,551.850561,23.491499760551687
28,10,68.40200000000002,436.74717599999997,20.898496979448066
29,10,74.48500000000001,123.30394499999997,11.104230950408045
30,10,76.99,147.23296000000002,12.133958958229586
31,10,69.83,584.57814,24.17805078992101
32,10,63.498000000000005,940.158576,30.66200541386685
33,10,56.9,779.07122,27.911847305400624
34,10,59.93299999999999,788.7276410000001,28.084295273337375
35,10,70.49199999999999,355.87697599999996,18.864701852931574
36,10,34.927,1333.794101,36.5211459431382
37,10,46.109,1094.438749,33.08230265564959
38,10,50.315000000000005,211.61098500000003,14.546854814701357
39,10,60.31,197.75063999999998,14.062383866187126
40,10,44.316,661.699224,25.72351500087031
