"instruction","input","output","history"
"Here is a chemical reaction. Reactants are: C[Si](C)(C)C(Cl)c1ccccc1, COc1ccc(B(O)O)cc1. Product is: COc1ccc(C(c2ccccc2)[Si](C)(C)C)cc1. Reaction type is chiral Suzuki Coupling. The reaction conditions of this reaction are: Palladium Source: PdCl2. Chiral Ligand: COc1cccc(OC)c1[C@H](N[S@](=O)C(C)(C)C)c1ccccc1P(c1ccccc1)c1ccccc1. Solvent: DCM. Additive: Nothing. Base: K2CO3. Reaction Temperature: 120 degrees centigrade. Reaction Time: 24h. Substrate ratio: 3:1 . Palladium loading: 10 mol%. Ligand loading: 20 mol%. Additive loading: Nothing. Base loading: 3 eq. Solvent volume: 1 mL. What is the yield and enantioselectivity(ee%) of this reaction?","","9,74","[]"
"Here is a chemical reaction. Reactants are: C[Si](C)(C)C(Cl)c1ccccc1, COc1ccc(B(O)O)cc1. Product is: COc1ccc(C(c2ccccc2)[Si](C)(C)C)cc1. Reaction type is chiral Suzuki Coupling. The reaction conditions of this reaction are: Palladium Source: [Pd(dmba)Cl]2. Chiral Ligand: COc1cccc(OC)c1[C@H](N[S@](=O)C(C)(C)C)c1ccccc1P(c1ccccc1)c1ccccc1. Solvent: DCM. Additive: Nothing. Base: K2CO3. Reaction Temperature: 120 degrees centigrade. Reaction Time: 24h. Substrate ratio: 3:1 . Palladium loading: 10 mol%. Ligand loading: 20 mol%. Additive loading: Nothing. Base loading: 3 eq. Solvent volume: 1 mL. What is the yield and enantioselectivity(ee%) of this reaction?","","41,79","[]"
"Here is a chemical reaction. Reactants are: C[Si](C)(C)C(Cl)c1ccccc1, COc1ccc(B(O)O)cc1. Product is: COc1ccc(C(c2ccccc2)[Si](C)(C)C)cc1. Reaction type is chiral Suzuki Coupling. The reaction conditions of this reaction are: Palladium Source: [Pd(y-allyl)Cl]2. Chiral Ligand: COc1cccc(OC)c1[C@H](N[S@](=O)C(C)(C)C)c1ccccc1P(c1ccccc1)c1ccccc1. Solvent: DCM. Additive: Nothing. Base: K2CO3. Reaction Temperature: 120 degrees centigrade. Reaction Time: 24h. Substrate ratio: 3:1 . Palladium loading: 10 mol%. Ligand loading: 20 mol%. Additive loading: Nothing. Base loading: 3 eq. Solvent volume: 1 mL. What is the yield and enantioselectivity(ee%) of this reaction?","","37,76","[]"
"Here is a chemical reaction. Reactants are: C[Si](C)(C)C(Cl)c1ccccc1, COc1ccc(B(O)O)cc1. Product is: COc1ccc(C(c2ccccc2)[Si](C)(C)C)cc1. Reaction type is chiral Suzuki Coupling. The reaction conditions of this reaction are: Palladium Source: Pd(nbd)Cl2. Chiral Ligand: COc1cccc(OC)c1[C@H](N[S@](=O)C(C)(C)C)c1ccccc1P(c1ccccc1)c1ccccc1. Solvent: DCM. Additive: Nothing. Base: K2CO3. Reaction Temperature: 120 degrees centigrade. Reaction Time: 24h. Substrate ratio: 3:1 . Palladium loading: 10 mol%. Ligand loading: 20 mol%. Additive loading: Nothing. Base loading: 3 eq. Solvent volume: 1 mL. What is the yield and enantioselectivity(ee%) of this reaction?","","41,75","[]"
"Here is a chemical reaction. Reactants are: C[Si](C)(C)C(Cl)c1ccccc1, COc1ccc(B(O)O)cc1. Product is: COc1ccc(C(c2ccccc2)[Si](C)(C)C)cc1. Reaction type is chiral Suzuki Coupling. The reaction conditions of this reaction are: Palladium Source: Pd2(dba)3·CHCl3. Chiral Ligand: COc1cccc(OC)c1[C@H](N[S@](=O)C(C)(C)C)c1ccccc1P(c1ccccc1)c1ccccc1. Solvent: Tol. Additive: Nothing. Base: K2CO3. Reaction Temperature: 120 degrees centigrade. Reaction Time: 24h. Substrate ratio: 3:1 . Palladium loading: 10 mol%. Ligand loading: 20 mol%. Additive loading: Nothing. Base loading: 3 eq. Solvent volume: 1 mL. What is the yield and enantioselectivity(ee%) of this reaction?","","0,0","[]"
"Here is a chemical reaction. Reactants are: C[Si](C)(C)C(Cl)c1ccccc1, COc1ccc(B(O)O)cc1. Product is: COc1ccc(C(c2ccccc2)[Si](C)(C)C)cc1. Reaction type is chiral Suzuki Coupling. The reaction conditions of this reaction are: Palladium Source: Pd2(dba)3·CHCl3. Chiral Ligand: COc1cccc(OC)c1[C@H](N[S@](=O)C(C)(C)C)c1ccccc1P(c1ccccc1)c1ccccc1. Solvent: DMF. Additive: Nothing. Base: K2CO3. Reaction Temperature: 120 degrees centigrade. Reaction Time: 24h. Substrate ratio: 3:1 . Palladium loading: 10 mol%. Ligand loading: 20 mol%. Additive loading: Nothing. Base loading: 3 eq. Solvent volume: 1 mL. What is the yield and enantioselectivity(ee%) of this reaction?","","0,0","[]"
"Here is a chemical reaction. Reactants are: C[Si](C)(C)C(Cl)c1ccccc1, COc1ccc(B(O)O)cc1. Product is: COc1ccc(C(c2ccccc2)[Si](C)(C)C)cc1. Reaction type is chiral Suzuki Coupling. The reaction conditions of this reaction are: Palladium Source: Pd2(dba)3·CHCl3. Chiral Ligand: COc1cccc(OC)c1[C@H](N[S@](=O)C(C)(C)C)c1ccccc1P(c1ccccc1)c1ccccc1. Solvent: Et2O. Additive: Nothing. Base: K2CO3. Reaction Temperature: 120 degrees centigrade. Reaction Time: 24h. Substrate ratio: 3:1 . Palladium loading: 10 mol%. Ligand loading: 20 mol%. Additive loading: Nothing. Base loading: 3 eq. Solvent volume: 1 mL. What is the yield and enantioselectivity(ee%) of this reaction?","","22,84","[]"
"Here is a chemical reaction. Reactants are: C[Si](C)(C)C(Cl)c1ccccc1, COc1ccc(B(O)O)cc1. Product is: COc1ccc(C(c2ccccc2)[Si](C)(C)C)cc1. Reaction type is chiral Suzuki Coupling. The reaction conditions of this reaction are: Palladium Source: Pd2(dba)3·CHCl3. Chiral Ligand: COc1cccc(OC)c1[C@H](N[S@](=O)C(C)(C)C)c1ccccc1P(c1ccccc1)c1ccccc1. Solvent: MeOH. Additive: Nothing. Base: K2CO3. Reaction Temperature: 120 degrees centigrade. Reaction Time: 24h. Substrate ratio: 3:1 . Palladium loading: 10 mol%. Ligand loading: 20 mol%. Additive loading: Nothing. Base loading: 3 eq. Solvent volume: 1 mL. What is the yield and enantioselectivity(ee%) of this reaction?","","0,0","[]"
"Here is a chemical reaction. Reactants are: C[Si](C)(C)C(Cl)c1ccccc1, COc1ccc(B(O)O)cc1. Product is: COc1ccc(C(c2ccccc2)[Si](C)(C)C)cc1. Reaction type is chiral Suzuki Coupling. The reaction conditions of this reaction are: Palladium Source: Pd2(dba)3·CHCl3. Chiral Ligand: COc1cccc(OC)c1[C@H](N[S@](=O)C(C)(C)C)c1ccccc1P(c1ccccc1)c1ccccc1. Solvent: DMSO. Additive: Nothing. Base: K2CO3. Reaction Temperature: 120 degrees centigrade. Reaction Time: 24h. Substrate ratio: 3:1 . Palladium loading: 10 mol%. Ligand loading: 20 mol%. Additive loading: Nothing. Base loading: 3 eq. Solvent volume: 1 mL. What is the yield and enantioselectivity(ee%) of this reaction?","","0,0","[]"
"Here is a chemical reaction. Reactants are: C[Si](C)(C)C(Cl)c1ccccc1, COc1ccc(B(O)O)cc1. Product is: COc1ccc(C(c2ccccc2)[Si](C)(C)C)cc1. Reaction type is chiral Suzuki Coupling. The reaction conditions of this reaction are: Palladium Source: Pd2(dba)3·CHCl3. Chiral Ligand: COc1cccc(OC)c1[C@H](N[S@](=O)C(C)(C)C)c1ccccc1P(c1ccccc1)c1ccccc1. Solvent: n-Hexane. Additive: Nothing. Base: K2CO3. Reaction Temperature: 120 degrees centigrade. Reaction Time: 24h. Substrate ratio: 3:1 . Palladium loading: 10 mol%. Ligand loading: 20 mol%. Additive loading: Nothing. Base loading: 3 eq. Solvent volume: 1 mL. What is the yield and enantioselectivity(ee%) of this reaction?","","0,0","[]"
"Here is a chemical reaction. Reactants are: C[Si](C)(C)C(Cl)c1ccccc1, COc1ccc(B(O)O)cc1. Product is: COc1ccc(C(c2ccccc2)[Si](C)(C)C)cc1. Reaction type is chiral Suzuki Coupling. The reaction conditions of this reaction are: Palladium Source: Pd2(dba)3·CHCl3. Chiral Ligand: COc1cccc(OC)c1[C@H](N[S@](=O)C(C)(C)C)c1ccccc1P(c1ccccc1)c1ccccc1. Solvent: TCE. Additive: Nothing. Base: K2CO3. Reaction Temperature: 120 degrees centigrade. Reaction Time: 24h. Substrate ratio: 3:1 . Palladium loading: 10 mol%. Ligand loading: 20 mol%. Additive loading: Nothing. Base loading: 3 eq. Solvent volume: 1 mL. What is the yield and enantioselectivity(ee%) of this reaction?","","0,0","[]"
"Here is a chemical reaction. Reactants are: C[Si](C)(C)C(Cl)c1ccccc1, COc1ccc(B(O)O)cc1. Product is: COc1ccc(C(c2ccccc2)[Si](C)(C)C)cc1. Reaction type is chiral Suzuki Coupling. The reaction conditions of this reaction are: Palladium Source: Pd2(dba)3·CHCl3. Chiral Ligand: COc1cccc(OC)c1[C@H](N[S@](=O)C(C)(C)C)c1ccccc1P(c1ccccc1)c1ccccc1. Solvent: DCM. Additive: Nothing. Base: K2CO3. Reaction Temperature: 60 degrees centigrade. Reaction Time: 24h. Substrate ratio: 3:1 . Palladium loading: 10 mol%. Ligand loading: 20 mol%. Additive loading: Nothing. Base loading: 3 eq. Solvent volume: 1 mL. What is the yield and enantioselectivity(ee%) of this reaction?","","20,88","[]"
"Here is a chemical reaction. Reactants are: C[Si](C)(C)C(Cl)c1ccccc1, COc1ccc(B(O)O)cc1. Product is: COc1ccc(C(c2ccccc2)[Si](C)(C)C)cc1. Reaction type is chiral Suzuki Coupling. The reaction conditions of this reaction are: Palladium Source: Pd(dba)2. Chiral Ligand: COc1cc(OC)c([C@H](N[S@](=O)C(C)(C)C)c2ccccc2P(c2ccccc2)c2ccccc2)c(OC)c1. Solvent: DCE. Additive: Nothing. Base: K2CO3. Reaction Temperature: 80 degrees centigrade. Reaction Time: 24h. Substrate ratio: 3:1 . Palladium loading: 10 mol%. Ligand loading: 20 mol%. Additive loading: Nothing. Base loading: 3 eq. Solvent volume: 1 mL. What is the yield and enantioselectivity(ee%) of this reaction?","","42,87","[]"
"Here is a chemical reaction. Reactants are: C[Si](C)(C)C(Cl)c1ccccc1, COc1ccc(B(O)O)cc1. Product is: COc1ccc(C(c2ccccc2)[Si](C)(C)C)cc1. Reaction type is chiral Suzuki Coupling. The reaction conditions of this reaction are: Palladium Source: Pd2(dba)3. Chiral Ligand: COc1cc(OC)c([C@H](N[S@](=O)C(C)(C)C)c2ccccc2P(c2ccccc2)c2ccccc2)c(OC)c1. Solvent: DCE. Additive: Nothing. Base: K2CO3. Reaction Temperature: 80 degrees centigrade. Reaction Time: 24h. Substrate ratio: 3:1 . Palladium loading: 10 mol%. Ligand loading: 20 mol%. Additive loading: Nothing. Base loading: 3 eq. Solvent volume: 1 mL. What is the yield and enantioselectivity(ee%) of this reaction?","","34,88","[]"
"Here is a chemical reaction. Reactants are: C[Si](C)(C)C(Cl)c1ccccc1, COc1ccc(B(O)O)cc1. Product is: COc1ccc(C(c2ccccc2)[Si](C)(C)C)cc1. Reaction type is chiral Suzuki Coupling. The reaction conditions of this reaction are: Palladium Source: Pd2(dba)3·CHCl3. Chiral Ligand: COc1cc(OC)c([C@H](N[S@](=O)C(C)(C)C)c2ccccc2P(c2ccccc2)c2ccccc2)c(OC)c1. Solvent: DCE. Additive: Nothing. Base: K2CO3. Reaction Temperature: 80 degrees centigrade. Reaction Time: 24h. Substrate ratio: 3:1 . Palladium loading: 10 mol%. Ligand loading: 20 mol%. Additive loading: Nothing. Base loading: 3 eq. Solvent volume: 1 mL. What is the yield and enantioselectivity(ee%) of this reaction?","","42,86","[]"
"Here is a chemical reaction. Reactants are: C[Si](C)(C)C(Cl)c1ccccc1, COc1ccc(B(O)O)cc1. Product is: COc1ccc(C(c2ccccc2)[Si](C)(C)C)cc1. Reaction type is chiral Suzuki Coupling. The reaction conditions of this reaction are: Palladium Source: [Pd-G3]2. Chiral Ligand: COc1cc(OC)c([C@H](N[S@](=O)C(C)(C)C)c2ccccc2P(c2ccccc2)c2ccccc2)c(OC)c1. Solvent: DCE. Additive: Nothing. Base: K2CO3. Reaction Temperature: 80 degrees centigrade. Reaction Time: 24h. Substrate ratio: 3:1 . Palladium loading: 10 mol%. Ligand loading: 20 mol%. Additive loading: Nothing. Base loading: 3 eq. Solvent volume: 1 mL. What is the yield and enantioselectivity(ee%) of this reaction?","","11,0","[]"
"Here is a chemical reaction. Reactants are: C[Si](C)(C)C(Cl)c1ccccc1, COc1ccc(B(O)O)cc1. Product is: COc1ccc(C(c2ccccc2)[Si](C)(C)C)cc1. Reaction type is chiral Suzuki Coupling. The reaction conditions of this reaction are: Palladium Source: PdCl2. Chiral Ligand: COc1cc(OC)c([C@H](N[S@](=O)C(C)(C)C)c2ccccc2P(c2ccccc2)c2ccccc2)c(OC)c1. Solvent: DCE. Additive: Nothing. Base: K2CO3. Reaction Temperature: 80 degrees centigrade. Reaction Time: 24h. Substrate ratio: 3:1 . Palladium loading: 10 mol%. Ligand loading: 20 mol%. Additive loading: Nothing. Base loading: 3 eq. Solvent volume: 1 mL. What is the yield and enantioselectivity(ee%) of this reaction?","","0,0","[]"
"Here is a chemical reaction. Reactants are: C[Si](C)(C)C(Cl)c1ccccc1, COc1ccc(B(O)O)cc1. Product is: COc1ccc(C(c2ccccc2)[Si](C)(C)C)cc1. Reaction type is chiral Suzuki Coupling. The reaction conditions of this reaction are: Palladium Source: Pd(TFA)2. Chiral Ligand: COc1cc(OC)c([C@H](N[S@](=O)C(C)(C)C)c2ccccc2P(c2ccccc2)c2ccccc2)c(OC)c1. Solvent: DCE. Additive: Nothing. Base: K2CO3. Reaction Temperature: 80 degrees centigrade. Reaction Time: 24h. Substrate ratio: 3:1 . Palladium loading: 10 mol%. Ligand loading: 20 mol%. Additive loading: Nothing. Base loading: 3 eq. Solvent volume: 1 mL. What is the yield and enantioselectivity(ee%) of this reaction?","","33,84","[]"
"Here is a chemical reaction. Reactants are: C[Si](C)(C)C(Cl)c1ccccc1, COc1ccc(B(O)O)cc1. Product is: COc1ccc(C(c2ccccc2)[Si](C)(C)C)cc1. Reaction type is chiral Suzuki Coupling. The reaction conditions of this reaction are: Palladium Source: Pd(acac)2. Chiral Ligand: COc1cc(OC)c([C@H](N[S@](=O)C(C)(C)C)c2ccccc2P(c2ccccc2)c2ccccc2)c(OC)c1. Solvent: DCE. Additive: Nothing. Base: K2CO3. Reaction Temperature: 80 degrees centigrade. Reaction Time: 24h. Substrate ratio: 3:1 . Palladium loading: 10 mol%. Ligand loading: 20 mol%. Additive loading: Nothing. Base loading: 3 eq. Solvent volume: 1 mL. What is the yield and enantioselectivity(ee%) of this reaction?","","33,87","[]"
"Here is a chemical reaction. Reactants are: C[Si](C)(C)C(Cl)c1ccccc1, COc1ccc(B(O)O)cc1. Product is: COc1ccc(C(c2ccccc2)[Si](C)(C)C)cc1. Reaction type is chiral Suzuki Coupling. The reaction conditions of this reaction are: Palladium Source: [Pd(dmba)Cl]2. Chiral Ligand: COc1cc(OC)c([C@H](N[S@](=O)C(C)(C)C)c2ccccc2P(c2ccccc2)c2ccccc2)c(OC)c1. Solvent: DCE. Additive: Nothing. Base: K2CO3. Reaction Temperature: 80 degrees centigrade. Reaction Time: 24h. Substrate ratio: 3:1 . Palladium loading: 10 mol%. Ligand loading: 20 mol%. Additive loading: Nothing. Base loading: 3 eq. Solvent volume: 1 mL. What is the yield and enantioselectivity(ee%) of this reaction?","","29,87","[]"
"Here is a chemical reaction. Reactants are: C[Si](C)(C)C(Cl)c1ccccc1, COc1ccc(B(O)O)cc1. Product is: COc1ccc(C(c2ccccc2)[Si](C)(C)C)cc1. Reaction type is chiral Suzuki Coupling. The reaction conditions of this reaction are: Palladium Source: [Pd(y-allyl)Cl]2. Chiral Ligand: COc1cc(OC)c([C@H](N[S@](=O)C(C)(C)C)c2ccccc2P(c2ccccc2)c2ccccc2)c(OC)c1. Solvent: DCE. Additive: Nothing. Base: K2CO3. Reaction Temperature: 80 degrees centigrade. Reaction Time: 24h. Substrate ratio: 3:1 . Palladium loading: 10 mol%. Ligand loading: 20 mol%. Additive loading: Nothing. Base loading: 3 eq. Solvent volume: 1 mL. What is the yield and enantioselectivity(ee%) of this reaction?","","29,87","[]"
"Here is a chemical reaction. Reactants are: C[Si](C)(C)C(Cl)c1ccccc1, COc1ccc(B(O)O)cc1. Product is: COc1ccc(C(c2ccccc2)[Si](C)(C)C)cc1. Reaction type is chiral Suzuki Coupling. The reaction conditions of this reaction are: Palladium Source: Pd(OAc)2. Chiral Ligand: COc1cc(OC)c([C@H](N[S@](=O)C(C)(C)C)c2ccccc2P(c2ccccc2)c2ccccc2)c(OC)c1. Solvent: DCE. Additive: Nothing. Base: K2CO3. Reaction Temperature: 80 degrees centigrade. Reaction Time: 24h. Substrate ratio: 3:1 . Palladium loading: 10 mol%. Ligand loading: 20 mol%. Additive loading: Nothing. Base loading: 3 eq. Solvent volume: 1 mL. What is the yield and enantioselectivity(ee%) of this reaction?","","24,81","[]"
"Here is a chemical reaction. Reactants are: C[Si](C)(C)C(Cl)c1ccccc1, COc1ccc(B(O)O)cc1. Product is: COc1ccc(C(c2ccccc2)[Si](C)(C)C)cc1. Reaction type is chiral Suzuki Coupling. The reaction conditions of this reaction are: Palladium Source: [Pd(π-cinnamyl)Cl]2. Chiral Ligand: COc1cc(OC)c([C@H](N[S@](=O)C(C)(C)C)c2ccccc2P(c2ccccc2)c2ccccc2)c(OC)c1. Solvent: DCE. Additive: Nothing. Base: K2CO3. Reaction Temperature: 80 degrees centigrade. Reaction Time: 24h. Substrate ratio: 3:1 . Palladium loading: 10 mol%. Ligand loading: 20 mol%. Additive loading: Nothing. Base loading: 3 eq. Solvent volume: 1 mL. What is the yield and enantioselectivity(ee%) of this reaction?","","33,85","[]"
"Here is a chemical reaction. Reactants are: C[Si](C)(C)C(Cl)c1ccccc1, COc1ccc(B(O)O)cc1. Product is: COc1ccc(C(c2ccccc2)[Si](C)(C)C)cc1. Reaction type is chiral Suzuki Coupling. The reaction conditions of this reaction are: Palladium Source: Pd(nbd)Cl2. Chiral Ligand: COc1cc(OC)c([C@H](N[S@](=O)C(C)(C)C)c2ccccc2P(c2ccccc2)c2ccccc2)c(OC)c1. Solvent: DCE. Additive: Nothing. Base: K2CO3. Reaction Temperature: 80 degrees centigrade. Reaction Time: 24h. Substrate ratio: 3:1 . Palladium loading: 10 mol%. Ligand loading: 20 mol%. Additive loading: Nothing. Base loading: 3 eq. Solvent volume: 1 mL. What is the yield and enantioselectivity(ee%) of this reaction?","","23,86","[]"
"Here is a chemical reaction. Reactants are: C[Si](C)(C)C(Cl)c1ccccc1, COc1ccc(B(O)O)cc1. Product is: COc1ccc(C(c2ccccc2)[Si](C)(C)C)cc1. Reaction type is chiral Suzuki Coupling. The reaction conditions of this reaction are: Palladium Source: Pd2(dba)3·CHCl3. Chiral Ligand: COc1cc(OC)c([C@H](N[S@](=O)C(C)(C)C)c2ccccc2P(c2ccccc2)c2ccccc2)c(OC)c1. Solvent: DCE. Additive: AgOTf. Base: K2CO3. Reaction Temperature: 80 degrees centigrade. Reaction Time: 24h. Substrate ratio: 3:1 . Palladium loading: 10 mol%. Ligand loading: 20 mol%. Additive loading: 0.75 eq. Base loading: 3 eq. Solvent volume: 1 mL. What is the yield and enantioselectivity(ee%) of this reaction?","","0,0","[]"
"Here is a chemical reaction. Reactants are: C[Si](C)(C)C(Cl)c1ccccc1, COc1ccc(B(O)O)cc1. Product is: COc1ccc(C(c2ccccc2)[Si](C)(C)C)cc1. Reaction type is chiral Suzuki Coupling. The reaction conditions of this reaction are: Palladium Source: Pd2(dba)3·CHCl3. Chiral Ligand: COc1cc(OC)c([C@H](N[S@](=O)C(C)(C)C)c2ccccc2P(c2ccccc2)c2ccccc2)c(OC)c1. Solvent: DCE. Additive: Ag2O. Base: K2CO3. Reaction Temperature: 80 degrees centigrade. Reaction Time: 24h. Substrate ratio: 3:1 . Palladium loading: 10 mol%. Ligand loading: 20 mol%. Additive loading: 0.75 eq. Base loading: 3 eq. Solvent volume: 1 mL. What is the yield and enantioselectivity(ee%) of this reaction?","","0,84","[]"
"Here is a chemical reaction. Reactants are: C[Si](C)(C)C(Cl)c1ccccc1, COc1ccc(B(O)O)cc1. Product is: COc1ccc(C(c2ccccc2)[Si](C)(C)C)cc1. Reaction type is chiral Suzuki Coupling. The reaction conditions of this reaction are: Palladium Source: Pd2(dba)3·CHCl3. Chiral Ligand: COc1cc(OC)c([C@H](N[S@](=O)C(C)(C)C)c2ccccc2P(c2ccccc2)c2ccccc2)c(OC)c1. Solvent: DCE. Additive: AgCl. Base: K2CO3. Reaction Temperature: 80 degrees centigrade. Reaction Time: 24h. Substrate ratio: 3:1 . Palladium loading: 10 mol%. Ligand loading: 20 mol%. Additive loading: 0.75 eq. Base loading: 3 eq. Solvent volume: 1 mL. What is the yield and enantioselectivity(ee%) of this reaction?","","13,94","[]"
"Here is a chemical reaction. Reactants are: C[Si](C)(C)C(Cl)c1ccccc1, COc1ccc(B(O)O)cc1. Product is: COc1ccc(C(c2ccccc2)[Si](C)(C)C)cc1. Reaction type is chiral Suzuki Coupling. The reaction conditions of this reaction are: Palladium Source: Pd2(dba)3·CHCl3. Chiral Ligand: COc1cc(OC)c([C@H](N[S@](=O)C(C)(C)C)c2ccccc2P(c2ccccc2)c2ccccc2)c(OC)c1. Solvent: DCE. Additive: Ag2SO4. Base: K2CO3. Reaction Temperature: 80 degrees centigrade. Reaction Time: 24h. Substrate ratio: 3:1 . Palladium loading: 10 mol%. Ligand loading: 20 mol%. Additive loading: 0.75 eq. Base loading: 3 eq. Solvent volume: 1 mL. What is the yield and enantioselectivity(ee%) of this reaction?","","0,76","[]"
"Here is a chemical reaction. Reactants are: C[Si](C)(C)C(Cl)c1ccccc1, COc1ccc(B(O)O)cc1. Product is: COc1ccc(C(c2ccccc2)[Si](C)(C)C)cc1. Reaction type is chiral Suzuki Coupling. The reaction conditions of this reaction are: Palladium Source: Pd2(dba)3·CHCl3. Chiral Ligand: COc1cc(OC)c([C@H](N[S@](=O)C(C)(C)C)c2ccccc2P(c2ccccc2)c2ccccc2)c(OC)c1. Solvent: DCE. Additive: CH3COOAg. Base: K2CO3. Reaction Temperature: 80 degrees centigrade. Reaction Time: 24h. Substrate ratio: 3:1 . Palladium loading: 10 mol%. Ligand loading: 20 mol%. Additive loading: 0.75 eq. Base loading: 3 eq. Solvent volume: 1 mL. What is the yield and enantioselectivity(ee%) of this reaction?","","4,90","[]"
"Here is a chemical reaction. Reactants are: C[Si](C)(C)C(Cl)c1ccccc1, COc1ccc(B(O)O)cc1. Product is: COc1ccc(C(c2ccccc2)[Si](C)(C)C)cc1. Reaction type is chiral Suzuki Coupling. The reaction conditions of this reaction are: Palladium Source: Pd2(dba)3·CHCl3. Chiral Ligand: COc1cc(OC)c([C@H](N[S@](=O)C(C)(C)C)c2ccccc2P(c2ccccc2)c2ccccc2)c(OC)c1. Solvent: DCE. Additive: AgOMs. Base: K2CO3. Reaction Temperature: 80 degrees centigrade. Reaction Time: 24h. Substrate ratio: 3:1 . Palladium loading: 10 mol%. Ligand loading: 20 mol%. Additive loading: 0.75 eq. Base loading: 3 eq. Solvent volume: 1 mL. What is the yield and enantioselectivity(ee%) of this reaction?","","0,0","[]"
"Here is a chemical reaction. Reactants are: C[Si](C)(C)C(Cl)c1ccccc1, COc1ccc(B(O)O)cc1. Product is: COc1ccc(C(c2ccccc2)[Si](C)(C)C)cc1. Reaction type is chiral Suzuki Coupling. The reaction conditions of this reaction are: Palladium Source: Pd2(dba)3·CHCl3. Chiral Ligand: COc1cc(OC)c([C@H](N[S@](=O)C(C)(C)C)c2ccccc2P(c2ccccc2)c2ccccc2)c(OC)c1. Solvent: DCE. Additive: Ag2CO3. Base: K2CO3. Reaction Temperature: 80 degrees centigrade. Reaction Time: 24h. Substrate ratio: 3:1 . Palladium loading: 10 mol%. Ligand loading: 20 mol%. Additive loading: 0.75 eq. Base loading: 3 eq. Solvent volume: 1 mL. What is the yield and enantioselectivity(ee%) of this reaction?","","6,91","[]"
"Here is a chemical reaction. Reactants are: C[Si](C)(C)C(Cl)c1ccccc1, COc1ccc(B(O)O)cc1. Product is: COc1ccc(C(c2ccccc2)[Si](C)(C)C)cc1. Reaction type is chiral Suzuki Coupling. The reaction conditions of this reaction are: Palladium Source: Pd2(dba)3·CHCl3. Chiral Ligand: COc1cc(OC)c([C@H](N[S@](=O)C(C)(C)C)c2ccccc2P(c2ccccc2)c2ccccc2)c(OC)c1. Solvent: DCE. Additive: AgBF4. Base: K2CO3. Reaction Temperature: 80 degrees centigrade. Reaction Time: 24h. Substrate ratio: 3:1 . Palladium loading: 10 mol%. Ligand loading: 20 mol%. Additive loading: 0.75 eq. Base loading: 3 eq. Solvent volume: 1 mL. What is the yield and enantioselectivity(ee%) of this reaction?","","0,5","[]"
"Here is a chemical reaction. Reactants are: C[Si](C)(C)C(Cl)c1ccccc1, COc1ccc(B(O)O)cc1. Product is: COc1ccc(C(c2ccccc2)[Si](C)(C)C)cc1. Reaction type is chiral Suzuki Coupling. The reaction conditions of this reaction are: Palladium Source: Pd2(dba)3·CHCl3. Chiral Ligand: COc1cc(OC)c([C@H](N[S@](=O)C(C)(C)C)c2ccccc2P(c2ccccc2)c2ccccc2)c(OC)c1. Solvent: DCE. Additive: Ag3PO4. Base: K2CO3. Reaction Temperature: 80 degrees centigrade. Reaction Time: 24h. Substrate ratio: 3:1 . Palladium loading: 10 mol%. Ligand loading: 20 mol%. Additive loading: 0.75 eq. Base loading: 3 eq. Solvent volume: 1 mL. What is the yield and enantioselectivity(ee%) of this reaction?","","18,93","[]"
"Here is a chemical reaction. Reactants are: C[Si](C)(C)C(Cl)c1ccccc1, COc1ccc(B(O)O)cc1. Product is: COc1ccc(C(c2ccccc2)[Si](C)(C)C)cc1. Reaction type is chiral Suzuki Coupling. The reaction conditions of this reaction are: Palladium Source: Pd(dba)2. Chiral Ligand: COc1cc(OC)c([C@H](N[S@](=O)C(C)(C)C)c2ccccc2P(c2ccccc2)c2ccccc2)c(OC)c1. Solvent: DCE. Additive: CuI. Base: K2CO3. Reaction Temperature: 80 degrees centigrade. Reaction Time: 24h. Substrate ratio: 3:1 . Palladium loading: 10 mol%. Ligand loading: 20 mol%. Additive loading: 0.75 eq. Base loading: 3 eq. Solvent volume: 1 mL. What is the yield and enantioselectivity(ee%) of this reaction?","","41,85","[]"
"Here is a chemical reaction. Reactants are: C[Si](C)(C)C(Cl)c1ccccc1, COc1ccc(B(O)O)cc1. Product is: COc1ccc(C(c2ccccc2)[Si](C)(C)C)cc1. Reaction type is chiral Suzuki Coupling. The reaction conditions of this reaction are: Palladium Source: Pd(dba)2. Chiral Ligand: COc1cc(OC)c([C@H](N[S@](=O)C(C)(C)C)c2ccccc2P(c2ccccc2)c2ccccc2)c(OC)c1. Solvent: DCE. Additive: NaI. Base: K2CO3. Reaction Temperature: 80 degrees centigrade. Reaction Time: 24h. Substrate ratio: 3:1 . Palladium loading: 10 mol%. Ligand loading: 20 mol%. Additive loading: 0.75 eq. Base loading: 3 eq. Solvent volume: 1 mL. What is the yield and enantioselectivity(ee%) of this reaction?","","17,86","[]"
"Here is a chemical reaction. Reactants are: C[Si](C)(C)C(Cl)c1ccccc1, COc1ccc(B(O)O)cc1. Product is: COc1ccc(C(c2ccccc2)[Si](C)(C)C)cc1. Reaction type is chiral Suzuki Coupling. The reaction conditions of this reaction are: Palladium Source: Pd(dba)2. Chiral Ligand: COc1cc(OC)c([C@H](N[S@](=O)C(C)(C)C)c2ccccc2P(c2ccccc2)c2ccccc2)c(OC)c1. Solvent: DCE. Additive: KI. Base: K2CO3. Reaction Temperature: 80 degrees centigrade. Reaction Time: 24h. Substrate ratio: 3:1 . Palladium loading: 10 mol%. Ligand loading: 20 mol%. Additive loading: 0.75 eq. Base loading: 3 eq. Solvent volume: 1 mL. What is the yield and enantioselectivity(ee%) of this reaction?","","37,88","[]"
"Here is a chemical reaction. Reactants are: C[Si](C)(C)C(Cl)c1ccccc1, COc1ccc(B(O)O)cc1. Product is: COc1ccc(C(c2ccccc2)[Si](C)(C)C)cc1. Reaction type is chiral Suzuki Coupling. The reaction conditions of this reaction are: Palladium Source: Pd(dba)2. Chiral Ligand: COc1cc(OC)c([C@H](N[S@](=O)C(C)(C)C)c2ccccc2P(c2ccccc2)c2ccccc2)c(OC)c1. Solvent: DCE. Additive: ZnI2. Base: K2CO3. Reaction Temperature: 80 degrees centigrade. Reaction Time: 24h. Substrate ratio: 3:1 . Palladium loading: 10 mol%. Ligand loading: 20 mol%. Additive loading: 0.75 eq. Base loading: 3 eq. Solvent volume: 1 mL. What is the yield and enantioselectivity(ee%) of this reaction?","","0,0","[]"
"Here is a chemical reaction. Reactants are: C[Si](C)(C)C(Cl)c1ccccc1, COc1ccc(B(O)O)cc1. Product is: COc1ccc(C(c2ccccc2)[Si](C)(C)C)cc1. Reaction type is chiral Suzuki Coupling. The reaction conditions of this reaction are: Palladium Source: Pd(dba)2. Chiral Ligand: COc1cc(OC)c([C@H](N[S@](=O)C(C)(C)C)c2ccccc2P(c2ccccc2)c2ccccc2)c(OC)c1. Solvent: DCE. Additive: LiI. Base: K2CO3. Reaction Temperature: 80 degrees centigrade. Reaction Time: 24h. Substrate ratio: 3:1 . Palladium loading: 10 mol%. Ligand loading: 20 mol%. Additive loading: 0.75 eq. Base loading: 3 eq. Solvent volume: 1 mL. What is the yield and enantioselectivity(ee%) of this reaction?","","10,0","[]"
"Here is a chemical reaction. Reactants are: C[Si](C)(C)C(Cl)c1ccccc1, COc1ccc(B(O)O)cc1. Product is: COc1ccc(C(c2ccccc2)[Si](C)(C)C)cc1. Reaction type is chiral Suzuki Coupling. The reaction conditions of this reaction are: Palladium Source: Pd(dba)2. Chiral Ligand: COc1cc(OC)c([C@H](N[S@](=O)C(C)(C)C)c2ccccc2P(c2ccccc2)c2ccccc2)c(OC)c1. Solvent: DCE. Additive: CsI. Base: K2CO3. Reaction Temperature: 80 degrees centigrade. Reaction Time: 24h. Substrate ratio: 3:1 . Palladium loading: 10 mol%. Ligand loading: 20 mol%. Additive loading: 0.75 eq. Base loading: 3 eq. Solvent volume: 1 mL. What is the yield and enantioselectivity(ee%) of this reaction?","","42,86","[]"
"Here is a chemical reaction. Reactants are: C[Si](C)(C)C(Cl)c1ccccc1, COc1ccc(B(O)O)cc1. Product is: COc1ccc(C(c2ccccc2)[Si](C)(C)C)cc1. Reaction type is chiral Suzuki Coupling. The reaction conditions of this reaction are: Palladium Source: Pd(dba)2. Chiral Ligand: COc1cc(OC)c([C@H](N[S@](=O)C(C)(C)C)c2ccccc2P(c2ccccc2)c2ccccc2)c(OC)c1. Solvent: DCE. Additive: RbI. Base: K2CO3. Reaction Temperature: 80 degrees centigrade. Reaction Time: 24h. Substrate ratio: 3:1 . Palladium loading: 10 mol%. Ligand loading: 20 mol%. Additive loading: 0.75 eq. Base loading: 3 eq. Solvent volume: 1 mL. What is the yield and enantioselectivity(ee%) of this reaction?","","40,85","[]"
"Here is a chemical reaction. Reactants are: C[Si](C)(C)C(Cl)c1ccccc1, COc1ccc(B(O)O)cc1. Product is: COc1ccc(C(c2ccccc2)[Si](C)(C)C)cc1. Reaction type is chiral Suzuki Coupling. The reaction conditions of this reaction are: Palladium Source: Pd(dba)2. Chiral Ligand: COc1cc(OC)c([C@H](N[S@](=O)C(C)(C)C)c2ccccc2P(c2ccccc2)c2ccccc2)c(OC)c1. Solvent: DCE. Additive: TBAI. Base: K2CO3. Reaction Temperature: 80 degrees centigrade. Reaction Time: 24h. Substrate ratio: 3:1 . Palladium loading: 10 mol%. Ligand loading: 20 mol%. Additive loading: 0.75 eq. Base loading: 3 eq. Solvent volume: 1 mL. What is the yield and enantioselectivity(ee%) of this reaction?","","0,0","[]"
"Here is a chemical reaction. Reactants are: C[Si](C)(C)C(Cl)c1ccccc1, COc1ccc(B(O)O)cc1. Product is: COc1ccc(C(c2ccccc2)[Si](C)(C)C)cc1. Reaction type is chiral Suzuki Coupling. The reaction conditions of this reaction are: Palladium Source: Pd(dba)2. Chiral Ligand: COc1cc(OC)c([C@H](N[S@](=O)C(C)(C)C)c2ccccc2P(c2ccccc2)c2ccccc2)c(OC)c1. Solvent: DCE. Additive: Nothing. Base: Cs2CO3. Reaction Temperature: 80 degrees centigrade. Reaction Time: 24h. Substrate ratio: 3:1 . Palladium loading: 10 mol%. Ligand loading: 20 mol%. Additive loading: Nothing. Base loading: 3 eq. Solvent volume: 1 mL. What is the yield and enantioselectivity(ee%) of this reaction?","","23,87","[]"
"Here is a chemical reaction. Reactants are: C[Si](C)(C)C(Cl)c1ccccc1, COc1ccc(B(O)O)cc1. Product is: COc1ccc(C(c2ccccc2)[Si](C)(C)C)cc1. Reaction type is chiral Suzuki Coupling. The reaction conditions of this reaction are: Palladium Source: Pd(dba)2. Chiral Ligand: COc1cc(OC)c([C@H](N[S@](=O)C(C)(C)C)c2ccccc2P(c2ccccc2)c2ccccc2)c(OC)c1. Solvent: DCE. Additive: Nothing. Base: LiOH. Reaction Temperature: 80 degrees centigrade. Reaction Time: 24h. Substrate ratio: 3:1 . Palladium loading: 10 mol%. Ligand loading: 20 mol%. Additive loading: Nothing. Base loading: 3 eq. Solvent volume: 1 mL. What is the yield and enantioselectivity(ee%) of this reaction?","","6,0","[]"
"Here is a chemical reaction. Reactants are: C[Si](C)(C)C(Cl)c1ccccc1, COc1ccc(B(O)O)cc1. Product is: COc1ccc(C(c2ccccc2)[Si](C)(C)C)cc1. Reaction type is chiral Suzuki Coupling. The reaction conditions of this reaction are: Palladium Source: Pd(dba)2. Chiral Ligand: COc1cc(OC)c([C@H](N[S@](=O)C(C)(C)C)c2ccccc2P(c2ccccc2)c2ccccc2)c(OC)c1. Solvent: DCE. Additive: Nothing. Base: NaOtBu. Reaction Temperature: 80 degrees centigrade. Reaction Time: 24h. Substrate ratio: 3:1 . Palladium loading: 10 mol%. Ligand loading: 20 mol%. Additive loading: Nothing. Base loading: 3 eq. Solvent volume: 1 mL. What is the yield and enantioselectivity(ee%) of this reaction?","","24,88","[]"
"Here is a chemical reaction. Reactants are: C[Si](C)(C)C(Cl)c1ccccc1, COc1ccc(B(O)O)cc1. Product is: COc1ccc(C(c2ccccc2)[Si](C)(C)C)cc1. Reaction type is chiral Suzuki Coupling. The reaction conditions of this reaction are: Palladium Source: Pd(dba)2. Chiral Ligand: COc1cc(OC)c([C@H](N[S@](=O)C(C)(C)C)c2ccccc2P(c2ccccc2)c2ccccc2)c(OC)c1. Solvent: DCE. Additive: Nothing. Base: CsOPiv. Reaction Temperature: 80 degrees centigrade. Reaction Time: 24h. Substrate ratio: 3:1 . Palladium loading: 10 mol%. Ligand loading: 20 mol%. Additive loading: Nothing. Base loading: 3 eq. Solvent volume: 1 mL. What is the yield and enantioselectivity(ee%) of this reaction?","","27,89","[]"
"Here is a chemical reaction. Reactants are: C[Si](C)(C)C(Cl)c1ccccc1, COc1ccc(B(O)O)cc1. Product is: COc1ccc(C(c2ccccc2)[Si](C)(C)C)cc1. Reaction type is chiral Suzuki Coupling. The reaction conditions of this reaction are: Palladium Source: Pd(dba)2. Chiral Ligand: COc1cc(OC)c([C@H](N[S@](=O)C(C)(C)C)c2ccccc2P(c2ccccc2)c2ccccc2)c(OC)c1. Solvent: DCE. Additive: Nothing. Base: KOH. Reaction Temperature: 80 degrees centigrade. Reaction Time: 24h. Substrate ratio: 3:1 . Palladium loading: 10 mol%. Ligand loading: 20 mol%. Additive loading: Nothing. Base loading: 3 eq. Solvent volume: 1 mL. What is the yield and enantioselectivity(ee%) of this reaction?","","32,86","[]"
"Here is a chemical reaction. Reactants are: C[Si](C)(C)C(Cl)c1ccccc1, COc1ccc(B(O)O)cc1. Product is: COc1ccc(C(c2ccccc2)[Si](C)(C)C)cc1. Reaction type is chiral Suzuki Coupling. The reaction conditions of this reaction are: Palladium Source: Pd(dba)2. Chiral Ligand: COc1cc(OC)c([C@H](N[S@](=O)C(C)(C)C)c2ccccc2P(c2ccccc2)c2ccccc2)c(OC)c1. Solvent: DCE. Additive: Nothing. Base: LiCO3. Reaction Temperature: 80 degrees centigrade. Reaction Time: 24h. Substrate ratio: 3:1 . Palladium loading: 10 mol%. Ligand loading: 20 mol%. Additive loading: Nothing. Base loading: 3 eq. Solvent volume: 1 mL. What is the yield and enantioselectivity(ee%) of this reaction?","","0,0","[]"
"Here is a chemical reaction. Reactants are: C[Si](C)(C)C(Cl)c1ccccc1, COc1ccc(B(O)O)cc1. Product is: COc1ccc(C(c2ccccc2)[Si](C)(C)C)cc1. Reaction type is chiral Suzuki Coupling. The reaction conditions of this reaction are: Palladium Source: Pd(dba)2. Chiral Ligand: COc1cc(OC)c([C@H](N[S@](=O)C(C)(C)C)c2ccccc2P(c2ccccc2)c2ccccc2)c(OC)c1. Solvent: DCE. Additive: Nothing. Base: KOtBu. Reaction Temperature: 80 degrees centigrade. Reaction Time: 24h. Substrate ratio: 3:1 . Palladium loading: 10 mol%. Ligand loading: 20 mol%. Additive loading: Nothing. Base loading: 3 eq. Solvent volume: 1 mL. What is the yield and enantioselectivity(ee%) of this reaction?","","18,86","[]"
"Here is a chemical reaction. Reactants are: C[Si](C)(C)C(Cl)c1ccccc1, COc1ccc(B(O)O)cc1. Product is: COc1ccc(C(c2ccccc2)[Si](C)(C)C)cc1. Reaction type is chiral Suzuki Coupling. The reaction conditions of this reaction are: Palladium Source: Pd(dba)2. Chiral Ligand: COc1cc(OC)c([C@H](N[S@](=O)C(C)(C)C)c2ccccc2P(c2ccccc2)c2ccccc2)c(OC)c1. Solvent: DCE. Additive: Nothing. Base: KOAc. Reaction Temperature: 80 degrees centigrade. Reaction Time: 24h. Substrate ratio: 3:1 . Palladium loading: 10 mol%. Ligand loading: 20 mol%. Additive loading: Nothing. Base loading: 3 eq. Solvent volume: 1 mL. What is the yield and enantioselectivity(ee%) of this reaction?","","17,87","[]"
"Here is a chemical reaction. Reactants are: C[Si](C)(C)C(Cl)c1ccccc1, COc1ccc(B(O)O)cc1. Product is: COc1ccc(C(c2ccccc2)[Si](C)(C)C)cc1. Reaction type is chiral Suzuki Coupling. The reaction conditions of this reaction are: Palladium Source: Pd(dba)2. Chiral Ligand: COc1cc(OC)c([C@H](N[S@](=O)C(C)(C)C)c2ccccc2P(c2ccccc2)c2ccccc2)c(OC)c1. Solvent: DCE. Additive: Nothing. Base: NaHCO3. Reaction Temperature: 80 degrees centigrade. Reaction Time: 24h. Substrate ratio: 3:1 . Palladium loading: 10 mol%. Ligand loading: 20 mol%. Additive loading: Nothing. Base loading: 3 eq. Solvent volume: 1 mL. What is the yield and enantioselectivity(ee%) of this reaction?","","0,0","[]"
"Here is a chemical reaction. Reactants are: C[Si](C)(C)C(Cl)c1ccccc1, COc1ccc(B(O)O)cc1. Product is: COc1ccc(C(c2ccccc2)[Si](C)(C)C)cc1. Reaction type is chiral Suzuki Coupling. The reaction conditions of this reaction are: Palladium Source: Pd(dba)2. Chiral Ligand: COc1cc(OC)c([C@H](N[S@](=O)C(C)(C)C)c2ccccc2P(c2ccccc2)c2ccccc2)c(OC)c1. Solvent: DCE. Additive: Nothing. Base: K2HPO4. Reaction Temperature: 80 degrees centigrade. Reaction Time: 24h. Substrate ratio: 3:1 . Palladium loading: 10 mol%. Ligand loading: 20 mol%. Additive loading: Nothing. Base loading: 3 eq. Solvent volume: 1 mL. What is the yield and enantioselectivity(ee%) of this reaction?","","4,0","[]"
"Here is a chemical reaction. Reactants are: C[Si](C)(C)C(Cl)c1ccccc1, COc1ccc(B(O)O)cc1. Product is: COc1ccc(C(c2ccccc2)[Si](C)(C)C)cc1. Reaction type is chiral Suzuki Coupling. The reaction conditions of this reaction are: Palladium Source: Pd(dba)2. Chiral Ligand: COc1cc(OC)c([C@H](N[S@](=O)C(C)(C)C)c2ccccc2P(c2ccccc2)c2ccccc2)c(OC)c1. Solvent: DCE. Additive: Nothing. Base: K3PO4. Reaction Temperature: 80 degrees centigrade. Reaction Time: 24h. Substrate ratio: 3:1 . Palladium loading: 10 mol%. Ligand loading: 20 mol%. Additive loading: Nothing. Base loading: 3 eq. Solvent volume: 1 mL. What is the yield and enantioselectivity(ee%) of this reaction?","","37,88","[]"
"Here is a chemical reaction. Reactants are: C[Si](C)(C)C(Cl)c1ccccc1, COc1ccc(B(O)O)cc1. Product is: COc1ccc(C(c2ccccc2)[Si](C)(C)C)cc1. Reaction type is chiral Suzuki Coupling. The reaction conditions of this reaction are: Palladium Source: Pd(dba)2. Chiral Ligand: COc1cc(OC)c([C@H](N[S@](=O)C(C)(C)C)c2ccccc2P(c2ccccc2)c2ccccc2)c(OC)c1. Solvent: DCE. Additive: Nothing. Base: LiOtBu. Reaction Temperature: 80 degrees centigrade. Reaction Time: 24h. Substrate ratio: 3:1 . Palladium loading: 10 mol%. Ligand loading: 20 mol%. Additive loading: Nothing. Base loading: 3 eq. Solvent volume: 1 mL. What is the yield and enantioselectivity(ee%) of this reaction?","","0,0","[]"
"Here is a chemical reaction. Reactants are: C[Si](C)(C)C(Cl)c1ccccc1, COc1ccc(B(O)O)cc1. Product is: COc1ccc(C(c2ccccc2)[Si](C)(C)C)cc1. Reaction type is chiral Suzuki Coupling. The reaction conditions of this reaction are: Palladium Source: Pd(dba)2. Chiral Ligand: COc1cc(OC)c([C@H](N[S@](=O)C(C)(C)C)c2ccccc2P(c2ccccc2)c2ccccc2)c(OC)c1. Solvent: DCE. Additive: Nothing. Base: DABCO. Reaction Temperature: 80 degrees centigrade. Reaction Time: 24h. Substrate ratio: 3:1 . Palladium loading: 10 mol%. Ligand loading: 20 mol%. Additive loading: Nothing. Base loading: 3 eq. Solvent volume: 1 mL. What is the yield and enantioselectivity(ee%) of this reaction?","","0,0","[]"
"Here is a chemical reaction. Reactants are: C[Si](C)(C)C(Cl)c1ccccc1, COc1ccc(B(O)O)cc1. Product is: COc1ccc(C(c2ccccc2)[Si](C)(C)C)cc1. Reaction type is chiral Suzuki Coupling. The reaction conditions of this reaction are: Palladium Source: Pd(dba)2. Chiral Ligand: COc1cc(OC)c([C@H](N[S@](=O)C(C)(C)C)c2ccccc2P(c2ccccc2)c2ccccc2)c(OC)c1. Solvent: DCE. Additive: Nothing. Base: DMAN. Reaction Temperature: 80 degrees centigrade. Reaction Time: 24h. Substrate ratio: 3:1 . Palladium loading: 10 mol%. Ligand loading: 20 mol%. Additive loading: Nothing. Base loading: 3 eq. Solvent volume: 1 mL. What is the yield and enantioselectivity(ee%) of this reaction?","","0,0","[]"
"Here is a chemical reaction. Reactants are: C[Si](C)(C)C(Cl)c1ccccc1, COc1ccc(B(O)O)cc1. Product is: COc1ccc(C(c2ccccc2)[Si](C)(C)C)cc1. Reaction type is chiral Suzuki Coupling. The reaction conditions of this reaction are: Palladium Source: Pd(dba)2. Chiral Ligand: COc1cc(OC)c([C@H](N[S@](=O)C(C)(C)C)c2ccccc2P(c2ccccc2)c2ccccc2)c(OC)c1. Solvent: DCE. Additive: Nothing. Base: NMeCy2. Reaction Temperature: 80 degrees centigrade. Reaction Time: 24h. Substrate ratio: 3:1 . Palladium loading: 10 mol%. Ligand loading: 20 mol%. Additive loading: Nothing. Base loading: 3 eq. Solvent volume: 1 mL. What is the yield and enantioselectivity(ee%) of this reaction?","","9,90","[]"
"Here is a chemical reaction. Reactants are: C[Si](C)(C)C(Cl)c1ccccc1, COc1ccc(B(O)O)cc1. Product is: COc1ccc(C(c2ccccc2)[Si](C)(C)C)cc1. Reaction type is chiral Suzuki Coupling. The reaction conditions of this reaction are: Palladium Source: Pd(dba)2. Chiral Ligand: COc1cc(OC)c([C@H](N[S@](=O)C(C)(C)C)c2ccccc2P(c2ccccc2)c2ccccc2)c(OC)c1. Solvent: DCE. Additive: Nothing. Base: DMAP. Reaction Temperature: 80 degrees centigrade. Reaction Time: 24h. Substrate ratio: 3:1 . Palladium loading: 10 mol%. Ligand loading: 20 mol%. Additive loading: Nothing. Base loading: 3 eq. Solvent volume: 1 mL. What is the yield and enantioselectivity(ee%) of this reaction?","","0,0","[]"
"Here is a chemical reaction. Reactants are: C[Si](C)(C)C(Cl)c1ccccc1, COc1ccc(B(O)O)cc1. Product is: COc1ccc(C(c2ccccc2)[Si](C)(C)C)cc1. Reaction type is chiral Suzuki Coupling. The reaction conditions of this reaction are: Palladium Source: Pd(dba)2. Chiral Ligand: COc1cc(OC)c([C@H](N[S@](=O)C(C)(C)C)c2ccccc2P(c2ccccc2)c2ccccc2)c(OC)c1. Solvent: DCE. Additive: Nothing. Base: DIPEA. Reaction Temperature: 80 degrees centigrade. Reaction Time: 24h. Substrate ratio: 3:1 . Palladium loading: 10 mol%. Ligand loading: 20 mol%. Additive loading: Nothing. Base loading: 3 eq. Solvent volume: 1 mL. What is the yield and enantioselectivity(ee%) of this reaction?","","0,91","[]"
"Here is a chemical reaction. Reactants are: C[Si](C)(C)C(Cl)c1ccccc1, COc1ccc(B(O)O)cc1. Product is: COc1ccc(C(c2ccccc2)[Si](C)(C)C)cc1. Reaction type is chiral Suzuki Coupling. The reaction conditions of this reaction are: Palladium Source: Pd(dba)2. Chiral Ligand: COc1cc(OC)c([C@H](N[S@](=O)C(C)(C)C)c2ccccc2P(c2ccccc2)c2ccccc2)c(OC)c1. Solvent: DCE. Additive: Nothing. Base: Et3N. Reaction Temperature: 80 degrees centigrade. Reaction Time: 24h. Substrate ratio: 3:1 . Palladium loading: 10 mol%. Ligand loading: 20 mol%. Additive loading: Nothing. Base loading: 3 eq. Solvent volume: 1 mL. What is the yield and enantioselectivity(ee%) of this reaction?","","9,90","[]"
"Here is a chemical reaction. Reactants are: C[Si](C)(C)C(Cl)c1ccccc1, COc1ccc(B(O)O)cc1. Product is: COc1ccc(C(c2ccccc2)[Si](C)(C)C)cc1. Reaction type is chiral Suzuki Coupling. The reaction conditions of this reaction are: Palladium Source: Pd(dba)2. Chiral Ligand: COc1cc(OC)c([C@H](N[S@](=O)C(C)(C)C)c2ccccc2P(c2ccccc2)c2ccccc2)c(OC)c1. Solvent: DCE. Additive: Nothing. Base: NMPy. Reaction Temperature: 80 degrees centigrade. Reaction Time: 24h. Substrate ratio: 3:1 . Palladium loading: 10 mol%. Ligand loading: 20 mol%. Additive loading: Nothing. Base loading: 3 eq. Solvent volume: 1 mL. What is the yield and enantioselectivity(ee%) of this reaction?","","0,0","[]"
"Here is a chemical reaction. Reactants are: C[Si](C)(C)C(Cl)c1ccccc1, COc1ccc(B(O)O)cc1. Product is: COc1ccc(C(c2ccccc2)[Si](C)(C)C)cc1. Reaction type is chiral Suzuki Coupling. The reaction conditions of this reaction are: Palladium Source: Pd(dba)2. Chiral Ligand: COc1cc(OC)c([C@H](N[S@](=O)C(C)(C)C)c2ccccc2P(c2ccccc2)c2ccccc2)c(OC)c1. Solvent: DCE. Additive: Nothing. Base: TMG. Reaction Temperature: 80 degrees centigrade. Reaction Time: 24h. Substrate ratio: 3:1 . Palladium loading: 10 mol%. Ligand loading: 20 mol%. Additive loading: Nothing. Base loading: 3 eq. Solvent volume: 1 mL. What is the yield and enantioselectivity(ee%) of this reaction?","","0,91","[]"
"Here is a chemical reaction. Reactants are: C[Si](C)(C)C(Cl)c1ccccc1, COc1ccc(B(O)O)cc1. Product is: COc1ccc(C(c2ccccc2)[Si](C)(C)C)cc1. Reaction type is chiral Suzuki Coupling. The reaction conditions of this reaction are: Palladium Source: Pd(dba)2. Chiral Ligand: COc1cc(OC)c([C@H](N[S@](=O)C(C)(C)C)c2ccccc2P(c2ccccc2)c2ccccc2)c(OC)c1. Solvent: DCE. Additive: Nothing. Base: PMP. Reaction Temperature: 80 degrees centigrade. Reaction Time: 24h. Substrate ratio: 3:1 . Palladium loading: 10 mol%. Ligand loading: 20 mol%. Additive loading: Nothing. Base loading: 3 eq. Solvent volume: 1 mL. What is the yield and enantioselectivity(ee%) of this reaction?","","13,91","[]"
"Here is a chemical reaction. Reactants are: C[Si](C)(C)C(Cl)c1ccccc1, COc1ccc(B(O)O)cc1. Product is: COc1ccc(C(c2ccccc2)[Si](C)(C)C)cc1. Reaction type is chiral Suzuki Coupling. The reaction conditions of this reaction are: Palladium Source: Pd(dba)2. Chiral Ligand: COc1cc(OC)c([C@H](N[S@](=O)C(C)(C)C)c2ccccc2P(c2ccccc2)c2ccccc2)c(OC)c1. Solvent: DCE. Additive: Nothing. Base: DBU. Reaction Temperature: 80 degrees centigrade. Reaction Time: 24h. Substrate ratio: 3:1 . Palladium loading: 10 mol%. Ligand loading: 20 mol%. Additive loading: Nothing. Base loading: 3 eq. Solvent volume: 1 mL. What is the yield and enantioselectivity(ee%) of this reaction?","","0,0","[]"
"Here is a chemical reaction. Reactants are: C[Si](C)(C)C(Cl)c1ccccc1, COc1ccc(B(O)O)cc1. Product is: COc1ccc(C(c2ccccc2)[Si](C)(C)C)cc1. Reaction type is chiral Suzuki Coupling. The reaction conditions of this reaction are: Palladium Source: Pd2(dba)3·CHCl3. Chiral Ligand: COc1cc(OC)c([C@H](N[S@](=O)C(C)(C)C)c2cc(C(F)(F)F)ccc2P(c2ccccc2)c2ccccc2)c(OC)c1. Solvent: DCE. Additive: AgI. Base: K2CO3. Reaction Temperature: 85 degrees centigrade. Reaction Time: 24h. Substrate ratio: 3:1 . Palladium loading: 10 mol%. Ligand loading: 20 mol%. Additive loading: 1 eq. Base loading: 3 eq. Solvent volume: 1 mL. What is the yield and enantioselectivity(ee%) of this reaction?","","37,88","[]"
"Here is a chemical reaction. Reactants are: C[Si](C)(C)C(Cl)c1ccccc1, COc1ccc(B(O)O)cc1. Product is: COc1ccc(C(c2ccccc2)[Si](C)(C)C)cc1. Reaction type is chiral Suzuki Coupling. The reaction conditions of this reaction are: Palladium Source: Pd2(dba)3·CHCl3. Chiral Ligand: COc1cc(OC)c([C@H](N[S@](=O)C(C)(C)C)c2cc(C(F)(F)F)ccc2P(c2ccccc2)c2ccccc2)c(OC)c1. Solvent: DCE. Additive: AgI. Base: K2CO3. Reaction Temperature: 90 degrees centigrade. Reaction Time: 24h. Substrate ratio: 3:1 . Palladium loading: 10 mol%. Ligand loading: 20 mol%. Additive loading: 1 eq. Base loading: 3 eq. Solvent volume: 1 mL. What is the yield and enantioselectivity(ee%) of this reaction?","","42,87","[]"
"Here is a chemical reaction. Reactants are: C[Si](C)(C)C(Cl)c1ccccc1, COc1ccc(B(O)O)cc1. Product is: COc1ccc(C(c2ccccc2)[Si](C)(C)C)cc1. Reaction type is chiral Suzuki Coupling. The reaction conditions of this reaction are: Palladium Source: Pd2(dba)3·CHCl3. Chiral Ligand: COc1cc(OC)c([C@H](N[S@](=O)C(C)(C)C)c2cc(C(F)(F)F)ccc2P(c2ccccc2)c2ccccc2)c(OC)c1. Solvent: DCE. Additive: AgI. Base: K2CO3. Reaction Temperature: 100 degrees centigrade. Reaction Time: 24h. Substrate ratio: 3:1 . Palladium loading: 10 mol%. Ligand loading: 20 mol%. Additive loading: 1 eq. Base loading: 3 eq. Solvent volume: 1 mL. What is the yield and enantioselectivity(ee%) of this reaction?","","35,87","[]"
"Here is a chemical reaction. Reactants are: C[Si](C)(C)C(Cl)c1ccccc1, COc1ccc(B(O)O)cc1. Product is: COc1ccc(C(c2ccccc2)[Si](C)(C)C)cc1. Reaction type is chiral Suzuki Coupling. The reaction conditions of this reaction are: Palladium Source: Pd2(dba)3·CHCl3. Chiral Ligand: COc1c(C(C)(C)C)cc([C@H](N[S@](=O)C(C)(C)C)c2ccccc2P(c2ccccc2)c2ccccc2)cc1C(C)(C)C. Solvent: DCM. Additive: Nothing. Base: K2CO3. Reaction Temperature: 80 degrees centigrade. Reaction Time: 24h. Substrate ratio: 3:1 . Palladium loading: 10 mol%. Ligand loading: 20 mol%. Additive loading: Nothing. Base loading: 3 eq. Solvent volume: 1 mL. What is the yield and enantioselectivity(ee%) of this reaction?","","0,57","[]"
"Here is a chemical reaction. Reactants are: C[Si](C)(C)C(Cl)c1ccccc1, COc1ccc(B(O)O)cc1. Product is: COc1ccc(C(c2ccccc2)[Si](C)(C)C)cc1. Reaction type is chiral Suzuki Coupling. The reaction conditions of this reaction are: Palladium Source: Pd2(dba)3·CHCl3. Chiral Ligand: COc1cc(OC)c([C@H](N[S@](=O)C(C)(C)C)c2ccccc2P(c2ccccc2)c2ccccc2)c(OC)c1. Solvent: DCE. Additive: Nothing. Base: K2CO3. Reaction Temperature: 120 degrees centigrade. Reaction Time: 24h. Substrate ratio: 3:1 . Palladium loading: 10 mol%. Ligand loading: 20 mol%. Additive loading: Nothing. Base loading: 3 eq. Solvent volume: 1 mL. What is the yield and enantioselectivity(ee%) of this reaction?","","56,81","[]"
"Here is a chemical reaction. Reactants are: C[Si](C)(C)C(Cl)c1ccccc1, COc1ccc(B(O)O)cc1. Product is: COc1ccc(C(c2ccccc2)[Si](C)(C)C)cc1. Reaction type is chiral Suzuki Coupling. The reaction conditions of this reaction are: Palladium Source: Pd(dba)2. Chiral Ligand: COc1cc(OC)c([C@H](N[S@](=O)C(C)(C)C)c2ccccc2P(c2ccccc2)c2ccccc2)c(OC)c1. Solvent: DCE. Additive: Nothing. Base: K2CO3. Reaction Temperature: 100 degrees centigrade. Reaction Time: 24h. Substrate ratio: 3:1 . Palladium loading: 10 mol%. Ligand loading: 20 mol%. Additive loading: Nothing. Base loading: 3 eq. Solvent volume: 1 mL. What is the yield and enantioselectivity(ee%) of this reaction?","","11,73","[]"
"Here is a chemical reaction. Reactants are: C[Si](C)(C)C(Cl)c1ccccc1, COc1ccc(B(O)O)cc1. Product is: COc1ccc(C(c2ccccc2)[Si](C)(C)C)cc1. Reaction type is chiral Suzuki Coupling. The reaction conditions of this reaction are: Palladium Source: Pd(dba)2. Chiral Ligand: COc1cc(OC)c([C@H](N[S@](=O)C(C)(C)C)c2cc(C(F)(F)F)ccc2P(c2ccccc2)c2ccccc2)c(OC)c1. Solvent: DCE. Additive: AgI. Base: K2CO3. Reaction Temperature: 120 degrees centigrade. Reaction Time: 24h. Substrate ratio: 3:1 . Palladium loading: 10 mol%. Ligand loading: 20 mol%. Additive loading: 1 eq. Base loading: 3 eq. Solvent volume: 1 mL. What is the yield and enantioselectivity(ee%) of this reaction?","","19,90","[]"
"Here is a chemical reaction. Reactants are: C[Si](C)(C)C(Cl)c1ccccc1, COc1ccc(B(O)O)cc1. Product is: COc1ccc(C(c2ccccc2)[Si](C)(C)C)cc1. Reaction type is chiral Suzuki Coupling. The reaction conditions of this reaction are: Palladium Source: [Pd(π-cinnamyl)Cl]2. Chiral Ligand: COc1cccc(OC)c1[C@H](N[S@](=O)C(C)(C)C)c1ccccc1P(c1ccccc1)c1ccccc1. Solvent: DCE. Additive: Nothing. Base: K2CO3. Reaction Temperature: 120 degrees centigrade. Reaction Time: 24h. Substrate ratio: 3:1 . Palladium loading: 10 mol%. Ligand loading: 20 mol%. Additive loading: Nothing. Base loading: 3 eq. Solvent volume: 1 mL. What is the yield and enantioselectivity(ee%) of this reaction?","","14,65","[]"
"Here is a chemical reaction. Reactants are: C[Si](C)(C)C(Cl)c1ccccc1, COc1ccc(B(O)O)cc1. Product is: COc1ccc(C(c2ccccc2)[Si](C)(C)C)cc1. Reaction type is chiral Suzuki Coupling. The reaction conditions of this reaction are: Palladium Source: Pd2(dba)3·CHCl3. Chiral Ligand: COc1cc(OC)c([C@H](N[S@](=O)C(C)(C)C)c2cc(C(F)(F)F)ccc2P(c2ccccc2)c2ccccc2)c(OC)c1. Solvent: DCM. Additive: Nothing. Base: K2CO3. Reaction Temperature: 100 degrees centigrade. Reaction Time: 24h. Substrate ratio: 3:1 . Palladium loading: 10 mol%. Ligand loading: 20 mol%. Additive loading: Nothing. Base loading: 3 eq. Solvent volume: 1 mL. What is the yield and enantioselectivity(ee%) of this reaction?","","45,60","[]"
"Here is a chemical reaction. Reactants are: C[Si](C)(C)C(Cl)c1ccccc1, COc1ccc(B(O)O)cc1. Product is: COc1ccc(C(c2ccccc2)[Si](C)(C)C)cc1. Reaction type is chiral Suzuki Coupling. The reaction conditions of this reaction are: Palladium Source: Pd2(dba)3·CHCl3. Chiral Ligand: COc1cc(OC)c([C@H](N[S@](=O)C(C)(C)C)c2ccccc2P(c2ccccc2)c2ccccc2)c(OC)c1. Solvent: DCE. Additive: AgI. Base: KOH. Reaction Temperature: 120 degrees centigrade. Reaction Time: 24h. Substrate ratio: 3:1 . Palladium loading: 10 mol%. Ligand loading: 20 mol%. Additive loading: 1 eq. Base loading: 3 eq. Solvent volume: 1 mL. What is the yield and enantioselectivity(ee%) of this reaction?","","12,79","[]"
"Here is a chemical reaction. Reactants are: C[Si](C)(C)C(Cl)c1ccccc1, COc1ccc(B(O)O)cc1. Product is: COc1ccc(C(c2ccccc2)[Si](C)(C)C)cc1. Reaction type is chiral Suzuki Coupling. The reaction conditions of this reaction are: Palladium Source: Pd2(dba)3·CHCl3. Chiral Ligand: COc1cc(OC)c([C@H](N[S@](=O)C(C)(C)C)c2ccccc2P(c2ccccc2)c2ccccc2)c(OC)c1. Solvent: DCM. Additive: Nothing. Base: PMP. Reaction Temperature: 120 degrees centigrade. Reaction Time: 24h. Substrate ratio: 3:1 . Palladium loading: 10 mol%. Ligand loading: 20 mol%. Additive loading: Nothing. Base loading: 3 eq. Solvent volume: 1 mL. What is the yield and enantioselectivity(ee%) of this reaction?","","26,70","[]"
"Here is a chemical reaction. Reactants are: C[Si](C)(C)C(Cl)c1ccccc1, COc1ccc(B(O)O)cc1. Product is: COc1ccc(C(c2ccccc2)[Si](C)(C)C)cc1. Reaction type is chiral Suzuki Coupling. The reaction conditions of this reaction are: Palladium Source: Pd(acac)2. Chiral Ligand: COc1cc(OC)c([C@H](N[S@](=O)C(C)(C)C)c2ccccc2P(c2ccccc2)c2ccccc2)c(OC)c1. Solvent: DCE. Additive: Nothing. Base: K2CO3. Reaction Temperature: 120 degrees centigrade. Reaction Time: 24h. Substrate ratio: 3:1 . Palladium loading: 10 mol%. Ligand loading: 20 mol%. Additive loading: Nothing. Base loading: 3 eq. Solvent volume: 1 mL. What is the yield and enantioselectivity(ee%) of this reaction?","","23,83","[]"
"Here is a chemical reaction. Reactants are: C[Si](C)(C)C(Cl)c1ccccc1, COc1ccc(B(O)O)cc1. Product is: COc1ccc(C(c2ccccc2)[Si](C)(C)C)cc1. Reaction type is chiral Suzuki Coupling. The reaction conditions of this reaction are: Palladium Source: Pd2(dba)3·CHCl3. Chiral Ligand: COc1cccc(OC)c1[C@H](N[S@](=O)C(C)(C)C)c1ccccc1P(c1ccccc1)c1ccccc1. Solvent: CH3CN. Additive: Nothing. Base: K2CO3. Reaction Temperature: 120 degrees centigrade. Reaction Time: 24h. Substrate ratio: 3:1 . Palladium loading: 10 mol%. Ligand loading: 20 mol%. Additive loading: Nothing. Base loading: 3 eq. Solvent volume: 1 mL. What is the yield and enantioselectivity(ee%) of this reaction?","","62,67","[]"
"Here is a chemical reaction. Reactants are: C[Si](C)(C)C(Cl)c1ccccc1, COc1ccc(B(O)O)cc1. Product is: COc1ccc(C(c2ccccc2)[Si](C)(C)C)cc1. Reaction type is chiral Suzuki Coupling. The reaction conditions of this reaction are: Palladium Source: Pd2(dba)3·CHCl3. Chiral Ligand: COc1cccc(OC)c1[C@H](N[S@](=O)C(C)(C)C)c1ccccc1P(c1ccccc1)c1ccccc1. Solvent: DCE. Additive: Nothing. Base: K2CO3. Reaction Temperature: 120 degrees centigrade. Reaction Time: 24h. Substrate ratio: 3:1 . Palladium loading: 10 mol%. Ligand loading: 20 mol%. Additive loading: Nothing. Base loading: 3 eq. Solvent volume: 1 mL. What is the yield and enantioselectivity(ee%) of this reaction?","","71,85","[]"
"Here is a chemical reaction. Reactants are: C[Si](C)(C)C(Cl)c1ccccc1, COc1ccc(B(O)O)cc1. Product is: COc1ccc(C(c2ccccc2)[Si](C)(C)C)cc1. Reaction type is chiral Suzuki Coupling. The reaction conditions of this reaction are: Palladium Source: Pd2(dba)3·CHCl3. Chiral Ligand: COc1cc(OC)c([C@H](N[S@](=O)C(C)(C)C)c2ccccc2P(c2ccccc2)c2ccccc2)c(OC)c1. Solvent: DCE. Additive: RbI. Base: K2CO3. Reaction Temperature: 80 degrees centigrade. Reaction Time: 24h. Substrate ratio: 3:1 . Palladium loading: 10 mol%. Ligand loading: 20 mol%. Additive loading: 1 eq. Base loading: 3 eq. Solvent volume: 1 mL. What is the yield and enantioselectivity(ee%) of this reaction?","","28,89","[]"
"Here is a chemical reaction. Reactants are: C[Si](C)(C)C(Cl)c1ccccc1, COc1ccc(B(O)O)cc1. Product is: COc1ccc(C(c2ccccc2)[Si](C)(C)C)cc1. Reaction type is chiral Suzuki Coupling. The reaction conditions of this reaction are: Palladium Source: Pd(TFA)2. Chiral Ligand: COc1c(C(C)(C)C)cc([C@H](N[S@](=O)C(C)(C)C)c2ccccc2P(c2ccccc2)c2ccccc2)cc1C(C)(C)C. Solvent: CH3CN. Additive: Nothing. Base: K3PO4. Reaction Temperature: 120 degrees centigrade. Reaction Time: 24h. Substrate ratio: 3:1 . Palladium loading: 10 mol%. Ligand loading: 20 mol%. Additive loading: Nothing. Base loading: 3 eq. Solvent volume: 1 mL. What is the yield and enantioselectivity(ee%) of this reaction?","","20,5","[]"
"Here is a chemical reaction. Reactants are: C[Si](C)(C)C(Cl)c1ccccc1, COc1ccc(B(O)O)cc1. Product is: COc1ccc(C(c2ccccc2)[Si](C)(C)C)cc1. Reaction type is chiral Suzuki Coupling. The reaction conditions of this reaction are: Palladium Source: Pd(dba)2. Chiral Ligand: COc1cc(OC)c([C@H](N[S@](=O)C(C)(C)C)c2cc(C(F)(F)F)ccc2P(c2ccccc2)c2ccccc2)c(OC)c1. Solvent: DCE. Additive: RbI. Base: Cs2CO3. Reaction Temperature: 80 degrees centigrade. Reaction Time: 24h. Substrate ratio: 3:1 . Palladium loading: 10 mol%. Ligand loading: 20 mol%. Additive loading: 1 eq. Base loading: 3 eq. Solvent volume: 1 mL. What is the yield and enantioselectivity(ee%) of this reaction?","","37,0","[]"
"Here is a chemical reaction. Reactants are: C[Si](C)(C)C(Cl)c1ccccc1, COc1ccc(B(O)O)cc1. Product is: COc1ccc(C(c2ccccc2)[Si](C)(C)C)cc1. Reaction type is chiral Suzuki Coupling. The reaction conditions of this reaction are: Palladium Source: Pd2(dba)3·CHCl3. Chiral Ligand: COc1cc(OC)c([C@H](N[S@](=O)C(C)(C)C)c2ccccc2P(c2ccccc2)c2ccccc2)c(OC)c1. Solvent: DCE. Additive: AgI. Base: K2CO3. Reaction Temperature: 80 degrees centigrade. Reaction Time: 24h. Substrate ratio: 3:1 . Palladium loading: 10 mol%. Ligand loading: 20 mol%. Additive loading: 1 eq. Base loading: 3 eq. Solvent volume: 1 mL. What is the yield and enantioselectivity(ee%) of this reaction?","","44,87","[]"
"Here is a chemical reaction. Reactants are: C[Si](C)(C)C(Cl)c1ccccc1, COc1ccc(B(O)O)cc1. Product is: COc1ccc(C(c2ccccc2)[Si](C)(C)C)cc1. Reaction type is chiral Suzuki Coupling. The reaction conditions of this reaction are: Palladium Source: [Pd(π-cinnamyl)Cl]2. Chiral Ligand: COc1cc([C@@H](N[S@](=O)C(C)(C)C)c2c(F)cccc2F)c(P(c2ccccc2)c2ccccc2)cc1OC. Solvent: CH3CN. Additive: Nothing. Base: K3PO4. Reaction Temperature: 120 degrees centigrade. Reaction Time: 24h. Substrate ratio: 3:1 . Palladium loading: 10 mol%. Ligand loading: 20 mol%. Additive loading: Nothing. Base loading: 3 eq. Solvent volume: 1 mL. What is the yield and enantioselectivity(ee%) of this reaction?","","7,11","[]"
"Here is a chemical reaction. Reactants are: C[Si](C)(C)C(Cl)c1ccccc1, COc1ccc(B(O)O)cc1. Product is: COc1ccc(C(c2ccccc2)[Si](C)(C)C)cc1. Reaction type is chiral Suzuki Coupling. The reaction conditions of this reaction are: Palladium Source: Pd(dba)2. Chiral Ligand: COc1cc(OC)c([C@H](N[S@](=O)C(C)(C)C)c2ccccc2P(c2ccccc2)c2ccccc2)c(OC)c1. Solvent: DCM. Additive: NaI. Base: K2CO3. Reaction Temperature: 80 degrees centigrade. Reaction Time: 24h. Substrate ratio: 3:1 . Palladium loading: 10 mol%. Ligand loading: 20 mol%. Additive loading: 1 eq. Base loading: 3 eq. Solvent volume: 1 mL. What is the yield and enantioselectivity(ee%) of this reaction?","","19,89","[]"
"Here is a chemical reaction. Reactants are: C[Si](C)(C)C(Cl)c1ccccc1, COc1ccc(B(O)O)cc1. Product is: COc1ccc(C(c2ccccc2)[Si](C)(C)C)cc1. Reaction type is chiral Suzuki Coupling. The reaction conditions of this reaction are: Palladium Source: [Pd(π-cinnamyl)Cl]2. Chiral Ligand: COc1cc(OC)c([C@H](N[S@](=O)C(C)(C)C)c2cc(C(F)(F)F)ccc2P(c2ccccc2)c2ccccc2)c(OC)c1. Solvent: DCM. Additive: Nothing. Base: CsOPiv. Reaction Temperature: 80 degrees centigrade. Reaction Time: 24h. Substrate ratio: 3:1 . Palladium loading: 10 mol%. Ligand loading: 20 mol%. Additive loading: Nothing. Base loading: 3 eq. Solvent volume: 1 mL. What is the yield and enantioselectivity(ee%) of this reaction?","","39,90","[]"
"Here is a chemical reaction. Reactants are: C[Si](C)(C)C(Cl)c1ccccc1, COc1ccc(B(O)O)cc1. Product is: COc1ccc(C(c2ccccc2)[Si](C)(C)C)cc1. Reaction type is chiral Suzuki Coupling. The reaction conditions of this reaction are: Palladium Source: Pd(dba)2. Chiral Ligand: COc1cc(OC)c([C@H](N[S@](=O)C(C)(C)C)c2cc(C(F)(F)F)ccc2P(c2ccccc2)c2ccccc2)c(OC)c1. Solvent: DCE. Additive: KI. Base: Cs2CO3. Reaction Temperature: 80 degrees centigrade. Reaction Time: 24h. Substrate ratio: 3:1 . Palladium loading: 10 mol%. Ligand loading: 20 mol%. Additive loading: 1 eq. Base loading: 3 eq. Solvent volume: 1 mL. What is the yield and enantioselectivity(ee%) of this reaction?","","40,91","[]"
"Here is a chemical reaction. Reactants are: C[Si](C)(C)C(Cl)c1ccccc1, COc1ccc(B(O)O)cc1. Product is: COc1ccc(C(c2ccccc2)[Si](C)(C)C)cc1. Reaction type is chiral Suzuki Coupling. The reaction conditions of this reaction are: Palladium Source: Pd2(dba)3·CHCl3. Chiral Ligand: COc1cc(OC)c([C@H](N[S@](=O)C(C)(C)C)c2ccccc2P(c2ccccc2)c2ccccc2)c(OC)c1. Solvent: DCE. Additive: CuI. Base: Cs2CO3. Reaction Temperature: 80 degrees centigrade. Reaction Time: 24h. Substrate ratio: 3:1 . Palladium loading: 10 mol%. Ligand loading: 20 mol%. Additive loading: 1 eq. Base loading: 3 eq. Solvent volume: 1 mL. What is the yield and enantioselectivity(ee%) of this reaction?","","22,90","[]"
"Here is a chemical reaction. Reactants are: C[Si](C)(C)C(Cl)c1ccccc1, COc1ccc(B(O)O)cc1. Product is: COc1ccc(C(c2ccccc2)[Si](C)(C)C)cc1. Reaction type is chiral Suzuki Coupling. The reaction conditions of this reaction are: Palladium Source: Pd(acac)2. Chiral Ligand: COc1cc(OC)c([C@H](N[S@](=O)C(C)(C)C)c2cc(C(F)(F)F)ccc2P(c2ccccc2)c2ccccc2)c(OC)c1. Solvent: DCE. Additive: Nothing. Base: KOAc. Reaction Temperature: 100 degrees centigrade. Reaction Time: 24h. Substrate ratio: 3:1 . Palladium loading: 10 mol%. Ligand loading: 20 mol%. Additive loading: Nothing. Base loading: 3 eq. Solvent volume: 1 mL. What is the yield and enantioselectivity(ee%) of this reaction?","","33,84","[]"
"Here is a chemical reaction. Reactants are: C[Si](C)(C)C(Cl)c1ccccc1, COc1ccc(B(O)O)cc1. Product is: COc1ccc(C(c2ccccc2)[Si](C)(C)C)cc1. Reaction type is chiral Suzuki Coupling. The reaction conditions of this reaction are: Palladium Source: Pd(dba)2. Chiral Ligand: COc1cc(OC)c([C@H](N[S@](=O)C(C)(C)C)c2cc(C(F)(F)F)ccc2P(c2ccccc2)c2ccccc2)c(OC)c1. Solvent: DCE. Additive: CuI. Base: K2CO3. Reaction Temperature: 80 degrees centigrade. Reaction Time: 24h. Substrate ratio: 3:1 . Palladium loading: 10 mol%. Ligand loading: 20 mol%. Additive loading: 1 eq. Base loading: 3 eq. Solvent volume: 1 mL. What is the yield and enantioselectivity(ee%) of this reaction?","","43,84","[]"
"Here is a chemical reaction. Reactants are: C[Si](C)(C)C(Cl)c1ccccc1, COc1ccc(B(O)O)cc1. Product is: COc1ccc(C(c2ccccc2)[Si](C)(C)C)cc1. Reaction type is chiral Suzuki Coupling. The reaction conditions of this reaction are: Palladium Source: Pd(dba)2. Chiral Ligand: COc1cc(OC)c([C@H](N[S@](=O)C(C)(C)C)c2ccccc2P(c2ccccc2)c2ccccc2)c(OC)c1. Solvent: DCE. Additive: AgI. Base: K2CO3. Reaction Temperature: 80 degrees centigrade. Reaction Time: 24h. Substrate ratio: 3:1 . Palladium loading: 10 mol%. Ligand loading: 20 mol%. Additive loading: 1 eq. Base loading: 3 eq. Solvent volume: 1 mL. What is the yield and enantioselectivity(ee%) of this reaction?","","60,86","[]"
"Here is a chemical reaction. Reactants are: C[Si](C)(C)C(Cl)c1ccccc1, COc1ccc(B(O)O)cc1. Product is: COc1ccc(C(c2ccccc2)[Si](C)(C)C)cc1. Reaction type is chiral Suzuki Coupling. The reaction conditions of this reaction are: Palladium Source: Pd2(dba)3·CHCl3. Chiral Ligand: COc1cc(OC)c([C@H](N[S@](=O)C(C)(C)C)c2cc(C(F)(F)F)ccc2P(c2ccccc2)c2ccccc2)c(OC)c1. Solvent: DCE. Additive: AgI. Base: K2CO3. Reaction Temperature: 80 degrees centigrade. Reaction Time: 24h. Substrate ratio: 3:1 . Palladium loading: 10 mol%. Ligand loading: 20 mol%. Additive loading: 1 eq. Base loading: 3 eq. Solvent volume: 1 mL. What is the yield and enantioselectivity(ee%) of this reaction?","","49,88","[]"
"Here is a chemical reaction. Reactants are: C[Si](C)(C)C(Cl)c1ccccc1, COc1ccc(B(O)O)cc1. Product is: COc1ccc(C(c2ccccc2)[Si](C)(C)C)cc1. Reaction type is chiral Suzuki Coupling. The reaction conditions of this reaction are: Palladium Source: Pd(dba)2. Chiral Ligand: COc1cc(OC)c([C@H](N[S@](=O)C(C)(C)C)c2cc(C(F)(F)F)ccc2P(c2ccccc2)c2ccccc2)c(OC)c1. Solvent: DCE. Additive: AgI. Base: K2CO3. Reaction Temperature: 80 degrees centigrade. Reaction Time: 24h. Substrate ratio: 3:1 . Palladium loading: 10 mol%. Ligand loading: 20 mol%. Additive loading: 1 eq. Base loading: 3 eq. Solvent volume: 1 mL. What is the yield and enantioselectivity(ee%) of this reaction?","","56,91","[]"
"Here is a chemical reaction. Reactants are: C[Si](C)(C)C(Cl)c1ccccc1, COc1ccc(B(O)O)cc1. Product is: COc1ccc(C(c2ccccc2)[Si](C)(C)C)cc1. Reaction type is chiral Suzuki Coupling. The reaction conditions of this reaction are: Palladium Source: Pd2(dba)3·CHCl3. Chiral Ligand: COc1cc(OC)c([C@H](N[S@](=O)C(C)(C)C)c2cc(C(F)(F)F)ccc2P(c2ccccc2)c2ccccc2)c(OC)c1. Solvent: DCE. Additive: KI. Base: K2CO3. Reaction Temperature: 100 degrees centigrade. Reaction Time: 24h. Substrate ratio: 3:1 . Palladium loading: 10 mol%. Ligand loading: 20 mol%. Additive loading: 1 eq. Base loading: 3 eq. Solvent volume: 1 mL. What is the yield and enantioselectivity(ee%) of this reaction?","","48,82","[]"
"Here is a chemical reaction. Reactants are: C[Si](C)(C)C(Cl)c1ccccc1, COc1ccc(B(O)O)cc1. Product is: COc1ccc(C(c2ccccc2)[Si](C)(C)C)cc1. Reaction type is chiral Suzuki Coupling. The reaction conditions of this reaction are: Palladium Source: Pd2(dba)3·CHCl3. Chiral Ligand: COc1cc(OC)c([C@H](N[S@](=O)C(C)(C)C)c2cc(C(F)(F)F)ccc2P(c2ccccc2)c2ccccc2)c(OC)c1. Solvent: DCE. Additive: AgI. Base: NMeCy2. Reaction Temperature: 100 degrees centigrade. Reaction Time: 24h. Substrate ratio: 3:1 . Palladium loading: 10 mol%. Ligand loading: 20 mol%. Additive loading: 1 eq. Base loading: 3 eq. Solvent volume: 1 mL. What is the yield and enantioselectivity(ee%) of this reaction?","","13,70","[]"
"Here is a chemical reaction. Reactants are: C[Si](C)(C)C(Cl)c1ccccc1, COc1ccc(B(O)O)cc1. Product is: COc1ccc(C(c2ccccc2)[Si](C)(C)C)cc1. Reaction type is chiral Suzuki Coupling. The reaction conditions of this reaction are: Palladium Source: Pd(acac)2. Chiral Ligand: COc1cc(OC)c([C@H](N[S@](=O)C(C)(C)C)c2cc(C(F)(F)F)ccc2P(c2ccccc2)c2ccccc2)c(OC)c1. Solvent: DCM. Additive: AgI. Base: K2CO3. Reaction Temperature: 120 degrees centigrade. Reaction Time: 24h. Substrate ratio: 3:1 . Palladium loading: 10 mol%. Ligand loading: 20 mol%. Additive loading: 1 eq. Base loading: 3 eq. Solvent volume: 1 mL. What is the yield and enantioselectivity(ee%) of this reaction?","","22,89","[]"
"Here is a chemical reaction. Reactants are: C[Si](C)(C)C(Cl)c1ccccc1, COc1ccc(B(O)O)cc1. Product is: COc1ccc(C(c2ccccc2)[Si](C)(C)C)cc1. Reaction type is chiral Suzuki Coupling. The reaction conditions of this reaction are: Palladium Source: Pd(acac)2. Chiral Ligand: COc1cc(OC)c([C@H](N[S@](=O)C(C)(C)C)c2cc(C(F)(F)F)ccc2P(c2ccccc2)c2ccccc2)c(OC)c1. Solvent: DCE. Additive: CsI. Base: Cs2CO3. Reaction Temperature: 80 degrees centigrade. Reaction Time: 24h. Substrate ratio: 3:1 . Palladium loading: 10 mol%. Ligand loading: 20 mol%. Additive loading: 1 eq. Base loading: 3 eq. Solvent volume: 1 mL. What is the yield and enantioselectivity(ee%) of this reaction?","","44,92","[]"
"Here is a chemical reaction. Reactants are: C[Si](C)(C)C(Cl)c1ccccc1, COc1ccc(B(O)O)cc1. Product is: COc1ccc(C(c2ccccc2)[Si](C)(C)C)cc1. Reaction type is chiral Suzuki Coupling. The reaction conditions of this reaction are: Palladium Source: [Pd(π-cinnamyl)Cl]2. Chiral Ligand: COc1c(C(C)(C)C)cc([C@H](N[S@](=O)C(C)(C)C)c2ccccc2P(c2ccccc2)c2ccccc2)cc1C(C)(C)C. Solvent: THF. Additive: Nothing. Base: Et3N. Reaction Temperature: 80 degrees centigrade. Reaction Time: 24h. Substrate ratio: 3:1 . Palladium loading: 10 mol%. Ligand loading: 20 mol%. Additive loading: Nothing. Base loading: 3 eq. Solvent volume: 1 mL. What is the yield and enantioselectivity(ee%) of this reaction?","","0,0","[]"
"Here is a chemical reaction. Reactants are: C[Si](C)(C)C(Cl)c1ccccc1, COc1ccc(B(O)O)cc1. Product is: COc1ccc(C(c2ccccc2)[Si](C)(C)C)cc1. Reaction type is chiral Suzuki Coupling. The reaction conditions of this reaction are: Palladium Source: Pd(dba)2. Chiral Ligand: COc1cc(OC)c([C@H](N[S@](=O)C(C)(C)C)c2ccccc2P(c2ccccc2)c2ccccc2)c(OC)c1. Solvent: DCM. Additive: CuI. Base: K2CO3. Reaction Temperature: 80 degrees centigrade. Reaction Time: 24h. Substrate ratio: 3:1 . Palladium loading: 10 mol%. Ligand loading: 20 mol%. Additive loading: 1 eq. Base loading: 3 eq. Solvent volume: 1 mL. What is the yield and enantioselectivity(ee%) of this reaction?","","41,88","[]"
"Here is a chemical reaction. Reactants are: C[Si](C)(C)C(Cl)c1ccccc1, COc1ccc(B(O)O)cc1. Product is: COc1ccc(C(c2ccccc2)[Si](C)(C)C)cc1. Reaction type is chiral Suzuki Coupling. The reaction conditions of this reaction are: Palladium Source: Pd2(dba)3·CHCl3. Chiral Ligand: COc1cccc(OC)c1[C@H](N[S@](=O)C(C)(C)C)c1ccccc1P(c1ccccc1)c1ccccc1. Solvent: DCE. Additive: RbI. Base: K2CO3. Reaction Temperature: 120 degrees centigrade. Reaction Time: 24h. Substrate ratio: 3:1 . Palladium loading: 10 mol%. Ligand loading: 20 mol%. Additive loading: 1 eq. Base loading: 3 eq. Solvent volume: 1 mL. What is the yield and enantioselectivity(ee%) of this reaction?","","33,87","[]"
"Here is a chemical reaction. Reactants are: C[Si](C)(C)C(Cl)c1ccccc1, COc1ccc(B(O)O)cc1. Product is: COc1ccc(C(c2ccccc2)[Si](C)(C)C)cc1. Reaction type is chiral Suzuki Coupling. The reaction conditions of this reaction are: Palladium Source: Pd(dba)2. Chiral Ligand: COc1cc(OC)c([C@H](N[S@](=O)C(C)(C)C)c2cc(C(F)(F)F)ccc2P(c2ccccc2)c2ccccc2)c(OC)c1. Solvent: DCM. Additive: AgI. Base: K3PO4. Reaction Temperature: 80 degrees centigrade. Reaction Time: 24h. Substrate ratio: 3:1 . Palladium loading: 10 mol%. Ligand loading: 20 mol%. Additive loading: 1 eq. Base loading: 3 eq. Solvent volume: 1 mL. What is the yield and enantioselectivity(ee%) of this reaction?","","28,97","[]"
"Here is a chemical reaction. Reactants are: C[Si](C)(C)C(Cl)c1ccccc1, COc1ccc(B(O)O)cc1. Product is: COc1ccc(C(c2ccccc2)[Si](C)(C)C)cc1. Reaction type is chiral Suzuki Coupling. The reaction conditions of this reaction are: Palladium Source: Pd(dba)2. Chiral Ligand: COc1cc(OC)c([C@H](N[S@](=O)C(C)(C)C)c2ccccc2P(c2ccccc2)c2ccccc2)c(OC)c1. Solvent: DCM. Additive: AgI. Base: K3PO4. Reaction Temperature: 80 degrees centigrade. Reaction Time: 24h. Substrate ratio: 3:1 . Palladium loading: 10 mol%. Ligand loading: 20 mol%. Additive loading: 1 eq. Base loading: 3 eq. Solvent volume: 1 mL. What is the yield and enantioselectivity(ee%) of this reaction?","","29,96","[]"
"Here is a chemical reaction. Reactants are: C[Si](C)(C)C(Cl)c1ccccc1, COc1ccc(B(O)O)cc1. Product is: COc1ccc(C(c2ccccc2)[Si](C)(C)C)cc1. Reaction type is chiral Suzuki Coupling. The reaction conditions of this reaction are: Palladium Source: [Pd(π-cinnamyl)Cl]2. Chiral Ligand: COc1c(C(C)(C)C)cc([C@H](N[S@](=O)C(C)(C)C)c2ccccc2P(c2ccccc2)c2ccccc2)cc1C(C)(C)C. Solvent: CH3CN. Additive: Nothing. Base: PMP. Reaction Temperature: 100 degrees centigrade. Reaction Time: 24h. Substrate ratio: 3:1 . Palladium loading: 10 mol%. Ligand loading: 20 mol%. Additive loading: Nothing. Base loading: 3 eq. Solvent volume: 1 mL. What is the yield and enantioselectivity(ee%) of this reaction?","","25,89","[]"
"Here is a chemical reaction. Reactants are: C[Si](C)(C)C(Cl)c1ccccc1, COc1ccc(B(O)O)cc1. Product is: COc1ccc(C(c2ccccc2)[Si](C)(C)C)cc1. Reaction type is chiral Suzuki Coupling. The reaction conditions of this reaction are: Palladium Source: Pd(dba)2. Chiral Ligand: COc1cc(OC)c([C@H](N[S@](=O)C(C)(C)C)c2cc(C(F)(F)F)ccc2P(c2ccccc2)c2ccccc2)c(OC)c1. Solvent: DCM. Additive: AgI. Base: K2CO3. Reaction Temperature: 80 degrees centigrade. Reaction Time: 24h. Substrate ratio: 3:1 . Palladium loading: 10 mol%. Ligand loading: 20 mol%. Additive loading: 1 eq. Base loading: 3 eq. Solvent volume: 1 mL. What is the yield and enantioselectivity(ee%) of this reaction?","","28,86","[]"
"Here is a chemical reaction. Reactants are: C[Si](C)(C)C(Cl)c1ccccc1, COc1ccc(B(O)O)cc1. Product is: COc1ccc(C(c2ccccc2)[Si](C)(C)C)cc1. Reaction type is chiral Suzuki Coupling. The reaction conditions of this reaction are: Palladium Source: Pd2(dba)3·CHCl3. Chiral Ligand: COc1cc(OC)c([C@H](N[S@](=O)C(C)(C)C)c2cc(C(F)(F)F)ccc2P(c2ccccc2)c2ccccc2)c(OC)c1. Solvent: DCE. Additive: CuI. Base: KOH. Reaction Temperature: 80 degrees centigrade. Reaction Time: 24h. Substrate ratio: 3:1 . Palladium loading: 10 mol%. Ligand loading: 20 mol%. Additive loading: 1 eq. Base loading: 3 eq. Solvent volume: 1 mL. What is the yield and enantioselectivity(ee%) of this reaction?","","28,60","[]"
"Here is a chemical reaction. Reactants are: C[Si](C)(C)C(Cl)c1ccccc1, COc1ccc(B(O)O)cc1. Product is: COc1ccc(C(c2ccccc2)[Si](C)(C)C)cc1. Reaction type is chiral Suzuki Coupling. The reaction conditions of this reaction are: Palladium Source: Pd(dba)2. Chiral Ligand: COc1cc(OC)c([C@H](N[S@](=O)C(C)(C)C)c2ccccc2P(c2ccccc2)c2ccccc2)c(OC)c1. Solvent: DCM. Additive: AgI. Base: K2CO3. Reaction Temperature: 80 degrees centigrade. Reaction Time: 24h. Substrate ratio: 3:1 . Palladium loading: 10 mol%. Ligand loading: 20 mol%. Additive loading: 1 eq. Base loading: 3 eq. Solvent volume: 1 mL. What is the yield and enantioselectivity(ee%) of this reaction?","","64,89","[]"
"Here is a chemical reaction. Reactants are: C[Si](C)(C)C(Cl)c1ccccc1, COc1ccc(B(O)O)cc1. Product is: COc1ccc(C(c2ccccc2)[Si](C)(C)C)cc1. Reaction type is chiral Suzuki Coupling. The reaction conditions of this reaction are: Palladium Source: Pd(dba)2. Chiral Ligand: COc1cc(OC)c([C@H](N[S@](=O)C(C)(C)C)c2ccccc2P(c2ccccc2)c2ccccc2)c(OC)c1. Solvent: DCM. Additive: CuI. Base: K3PO4. Reaction Temperature: 80 degrees centigrade. Reaction Time: 24h. Substrate ratio: 3:1 . Palladium loading: 10 mol%. Ligand loading: 20 mol%. Additive loading: 1 eq. Base loading: 3 eq. Solvent volume: 1 mL. What is the yield and enantioselectivity(ee%) of this reaction?","","70,81","[]"
"Here is a chemical reaction. Reactants are: C[Si](C)(C)C(Cl)c1ccccc1, COc1ccc(B(O)O)cc1. Product is: COc1ccc(C(c2ccccc2)[Si](C)(C)C)cc1. Reaction type is chiral Suzuki Coupling. The reaction conditions of this reaction are: Palladium Source: Pd(dba)2. Chiral Ligand: COc1cc(OC)c([C@H](N[S@](=O)C(C)(C)C)c2cc(C(F)(F)F)ccc2P(c2ccccc2)c2ccccc2)c(OC)c1. Solvent: DCM. Additive: CuI. Base: NMeCy2. Reaction Temperature: 80 degrees centigrade. Reaction Time: 24h. Substrate ratio: 3:1 . Palladium loading: 10 mol%. Ligand loading: 20 mol%. Additive loading: 1 eq. Base loading: 3 eq. Solvent volume: 1 mL. What is the yield and enantioselectivity(ee%) of this reaction?","","56,93","[]"
