batch_size,iteration,best_so_far_mean
1,1,1.8689999999999998
1,2,66.326
1,3,71.655
1,4,79.725
1,5,81.533
1,6,82.102
1,7,82.41499999999999
1,8,84.906
1,9,85.219
1,10,86.623
2,1,1.98
2,2,68.651
2,3,79.83099999999999
2,4,84.003
2,5,86.591
2,6,87.619
2,7,88.244
2,8,88.56099999999999
2,9,88.56099999999999
2,10,90.18199999999999
4,1,2.202
4,2,86.06400000000001
4,3,93.46
4,4,95.623
4,5,99.80999999999999
4,6,99.80999999999999
4,7,99.80999999999999
4,8,99.80999999999999
4,9,99.80999999999999
4,10,99.80999999999999
6,1,66.72900000000001
6,2,88.837
6,3,93.99299999999998
6,4,94.12499999999997
6,5,94.12499999999997
6,6,94.12499999999997
6,7,94.12499999999997
6,8,96.01999999999998
6,9,99.34999999999998
6,10,99.80999999999999
