Entry,Palladium_Source,Chiral_Ligand,Solvent,Temperature,Additive,Additive_Loading,Base
R1_1,Pd2(dba)3·CHCl3,L_3OMe,DCE,120,Nothing,Nothing,K2CO3
R1_2,Pd(dba)2,L_3OMe,DCE,100,Nothing,Nothing,K2CO3
R1_3,Pd(dba)2,L_3OMe_CF3,DCE,120,AgI,1,K2CO3
R1_4,[Pd(π-cinnamyl)Cl]2,L_2OMe,DCE,120,Nothing,Nothing,K2CO3
R1_5,Pd2(dba)3·CHCl3,L_3OMe_CF3,DCM,100,Nothing,Nothing,K2CO3
R1_6,Pd2(dba)3·CHCl3,L_3OMe,DCE,120,AgI,1,KOH
R1_7,Pd2(dba)3·CHCl3,L_3OMe,DCM,120,Nothing,Nothing,PMP
R1_8,Pd(acac)2,L_3OMe,DCE,120,Nothing,Nothing,K2CO3
R1_9,Pd2(dba)3·CHCl3,L_2OMe,CH3CN,120,Nothing,Nothing,K2CO3
R1_10,Pd2(dba)3·CHCl3,L_2OMe,DCE,120,Nothing,Nothing,K2CO3
R2_1,Pd2(dba)3·CHCl3,L_3OMe,DCE,80,RbI,1,K2CO3
R2_2,Pd(TFA)2,L_OMe_2tBu,CH3CN,120,Nothing,Nothing,K3PO4
R2_3,Pd(dba)2,L_3OMe_CF3,DCE,80,RbI,1,Cs2CO3
R2_4,Pd2(dba)3·CHCl3,L_3OMe,DCE,80,AgI,1,K2CO3
R2_5,[Pd(π-cinnamyl)Cl]2,L_2F_2OMe,CH3CN,120,Nothing,Nothing,K3PO4
R2_6,Pd(dba)2,L_3OMe,DCM,80,NaI,1,K2CO3
R2_7,[Pd(π-cinnamyl)Cl]2,L_3OMe_CF3,DCM,80,Nothing,Nothing,CsOPiv
R2_8,Pd(dba)2,L_3OMe_CF3,DCE,80,KI,1,Cs2CO3
R2_9,Pd2(dba)3·CHCl3,L_3OMe,DCE,80,CuI,1,Cs2CO3
R3_1,Pd(acac)2,L_3OMe_CF3,DCE,100,Nothing,Nothing,KOAc
R3_2,Pd(dba)2,L_3OMe_CF3,DCE,80,CuI,1,K2CO3
R3_3,Pd(dba)2,L_3OMe,DCE,80,AgI,1,K2CO3
R3_4,Pd2(dba)3·CHCl3,L_3OMe_CF3,DCE,80,AgI,1,K2CO3
R3_5,Pd(dba)2,L_3OMe_CF3,DCE,80,AgI,1,K2CO3
R3_6,Pd2(dba)3·CHCl3,L_3OMe_CF3,DCE,100,KI,1,K2CO3
R3_7,Pd2(dba)3·CHCl3,L_3OMe_CF3,DCE,100,AgI,1,NMeCy2
R3_8,Pd(acac)2,L_3OMe_CF3,DCM,120,AgI,1,K2CO3
R3_9,Pd(acac)2,L_3OMe_CF3,DCE,80,CsI,1,Cs2CO3
R3_10,[Pd(π-cinnamyl)Cl]2,L_OMe_2tBu,THF,80,Nothing,Nothing,Et3N
R4_1,Pd(dba)2,L_3OMe,DCM,80,CuI,1,K2CO3
R4_2,Pd2(dba)3·CHCl3,L_2OMe,DCE,120,RbI,1,K2CO3
R4_3,Pd(dba)2,L_3OMe_CF3,DCM,80,AgI,1,K3PO4
R4_4,Pd(dba)2,L_3OMe,DCM,80,AgI,1,K3PO4
R4_5,[Pd(π-cinnamyl)Cl]2,L_OMe_2tBu,CH3CN,100,Nothing,Nothing,PMP
R4_6,Pd(dba)2,L_3OMe_CF3,DCM,80,AgI,1,K2CO3
R4_7,Pd2(dba)3·CHCl3,L_3OMe_CF3,DCE,80,CuI,1,KOH
R4_8,Pd(dba)2,L_3OMe,DCM,80,AgI,1,K2CO3
R4_9,Pd(dba)2,L_3OMe,DCM,80,CuI,1,K3PO4
R4_10,Pd(dba)2,L_3OMe_CF3,DCM,80,CuI,1,NMeCy2
R5_1,Pd2(dba)3·CHCl3,L_3OMe_CF3,DCE,120,Nothing,Nothing,CsOPiv
R5_2,Pd(dba)2,L_3OMe,DCM,80,CuI,1,NMeCy2
R5_3,Pd(dba)2,L_3OMe_CF3,DCM,80,CuI,1,K3PO4
R5_4,Pd2(dba)3·CHCl3,L_2OMe,DCE,80,AgI,1,K2CO3
R5_5,Pd(dba)2,L_2OMe,DCM,80,CuI,1,NMeCy2
R5_6,Pd(dba)2,L_3OMe,DCM,120,Nothing,Nothing,K2CO3
R5_7,Pd(dba)2,L_3OMe_CF3,DCM,80,CuI,1,Cs2CO3
R5_8,Pd(dba)2,L_2OMe,DCE,80,AgI,1,K2CO3
R5_9,[Pd(π-cinnamyl)Cl]2,L_3OMe_CF3,DCE,100,Nothing,Nothing,CsOPiv
R6_1,Pd2(dba)3·CHCl3,L_3OMe_CF3,DCE,120,CsI,1,PMP
R6_2,Pd2(dba)3·CHCl3,L_2OMe,DCE,120,Nothing,Nothing,CsOPiv
R6_3,Pd2(dba)3·CHCl3,L_3OMe_CF3,DCE,120,KI,1,CsOPiv
R6_4,Pd2(dba)3·CHCl3,L_3OMe,DCE,80,AgI,1,K3PO4
R6_5,Pd(dba)2,L_3OMe_CF3,DCM,80,CuI,1,K2CO3
R6_6,Pd(dba)2,L_2OMe,DCE,80,CuI,1,K2CO3
R6_7,Pd(dba)2,L_3OMe,DCM,120,CuI,1,Et3N
R6_8,Pd2(dba)3·CHCl3,L_3OMe_CF3,DCE,100,KI,1,PMP
R6_9,Pd(TFA)2,L_OMe_2tBu,DCE,80,Nothing,Nothing,K3PO4
R7_1,Pd(dba)2,L_2OMe,DCM,80,CuI,1,K3PO4
R7_2,Pd2(dba)3·CHCl3,L_3OMe_CF3,DCE,120,CsI,1,K2CO3
R7_3,Pd(dba)2,L_3OMe,CH3CN,100,AgI,1,K2CO3
R7_4,Pd(dba)2,L_2OMe,DCM,80,CuI,1,K2CO3
R7_5,Pd(acac)2,L_2F_CF3,DCE,120,Nothing,Nothing,CsOPiv
R7_6,Pd(dba)2,L_3OMe,DCE,80,CuI,1,K3PO4
R7_7,Pd2(dba)3·CHCl3,L_2F_CF3,DCE,80,Nothing,Nothing,Cs2CO3
R7_8,Pd2(dba)3·CHCl3,L_3OMe_CF3,DCE,80,CuI,1,K3PO4
R7_9,Pd(dba)2,L_3OMe_CF3,DCE,80,CuI,1,CsOPiv
