Entry,Palladium_Source,Chiral_Ligand,Solvent,Temperature,Additive,Additive_Loading,Base,Yield,Selectivity,is_train,is_round_best,is_human_best,is_BO_best,
13,Pd2(dba)3·CHCl3,L_2OMe,Tol,120,Nothing,Nothing,K2CO3,0,0,1,0,0,0,
14,Pd2(dba)3·CHCl3,L_2OMe,DMF,120,Nothing,Nothing,K2CO3,0,0,1,0,0,0,
18,Pd2(dba)3·CHCl3,L_2OMe,MeOH,120,Nothing,Nothing,K2CO3,0,0,1,0,0,0,
21,Pd2(dba)3·CHCl3,L_2OMe,DMSO,120,Nothing,Nothing,K2CO3,0,0,1,0,0,0,
22,Pd2(dba)3·CHCl3,L_2OMe,n-Hexane,120,Nothing,Nothing,K2CO3,0,0,1,0,0,0,
24,Pd2(dba)3·CHCl3,L_2OMe,TCE,120,Nothing,Nothing,K2CO3,0,0,1,0,0,0,
33,PdCl2,L_3OMe,DCE,80,Nothing,Nothing,K2CO3,0,0,1,0,0,0,
41,Pd2(dba)3·CHCl3,L_3OMe,DCE,80,AgOTf,0.75,K2CO3,0,0,1,0,0,0,
42,Pd2(dba)3·CHCl3,L_3OMe,DCE,80,Ag2O,0.75,K2CO3,0,84,1,0,0,0,
45,Pd2(dba)3·CHCl3,L_3OMe,DCE,80,Ag2SO4,0.75,K2CO3,0,76,1,0,0,0,
47,Pd2(dba)3·CHCl3,L_3OMe,DCE,80,AgOMs,0.75,K2CO3,0,0,1,0,0,0,
49,Pd2(dba)3·CHCl3,L_3OMe,DCE,80,AgBF4,0.75,K2CO3,0,5,1,0,0,0,
55,Pd(dba)2,L_3OMe,DCE,80,ZnI2,0.75,K2CO3,0,0,1,0,0,0,
59,Pd(dba)2,L_3OMe,DCE,80,TBAI,0.75,K2CO3,0,0,1,0,0,0,
73,Pd(dba)2,L_3OMe,DCE,80,Nothing,Nothing,LiCO3,0,0,1,0,0,0,
76,Pd(dba)2,L_3OMe,DCE,80,Nothing,Nothing,NaHCO3,0,0,1,0,0,0,
79,Pd(dba)2,L_3OMe,DCE,80,Nothing,Nothing,LiOtBu,0,0,1,0,0,0,
80,Pd(dba)2,L_3OMe,DCE,80,Nothing,Nothing,DABCO,0,0,1,0,0,0,
81,Pd(dba)2,L_3OMe,DCE,80,Nothing,Nothing,DMAN,0,0,1,0,0,0,
83,Pd(dba)2,L_3OMe,DCE,80,Nothing,Nothing,DMAP,0,0,1,0,0,0,
84,Pd(dba)2,L_3OMe,DCE,80,Nothing,Nothing,DIPEA,0,91,1,0,0,0,
86,Pd(dba)2,L_3OMe,DCE,80,Nothing,Nothing,NMPy,0,0,1,0,0,0,
87,Pd(dba)2,L_3OMe,DCE,80,Nothing,Nothing,TMG,0,91,1,0,0,0,
89,Pd(dba)2,L_3OMe,DCE,80,Nothing,Nothing,DBU,0,0,1,0,0,0,
98,Pd2(dba)3·CHCl3,L_OMe_2tBu,DCM,80,Nothing,Nothing,K2CO3,0,57,1,0,0,0,
46,Pd2(dba)3·CHCl3,L_3OMe,DCE,80,CH3COOAg,0.75,K2CO3,4,90,1,0,0,0,
77,Pd(dba)2,L_3OMe,DCE,80,Nothing,Nothing,K2HPO4,4,0,1,0,0,0,
48,Pd2(dba)3·CHCl3,L_3OMe,DCE,80,Ag2CO3,0.75,K2CO3,6,91,1,0,0,0,
69,Pd(dba)2,L_3OMe,DCE,80,Nothing,Nothing,LiOH,6,0,1,0,0,0,
5,PdCl2,L_2OMe,DCM,120,Nothing,Nothing,K2CO3,9,74,1,0,0,0,
85,Pd(dba)2,L_3OMe,DCE,80,Nothing,Nothing,Et3N,9,90,1,0,0,0,
82,Pd(dba)2,L_3OMe,DCE,80,Nothing,Nothing,NMeCy2,9,90,1,0,0,0,
56,Pd(dba)2,L_3OMe,DCE,80,LiI,0.75,K2CO3,10,0,1,0,0,0,
32,[Pd-G3]2,L_3OMe,DCE,80,Nothing,Nothing,K2CO3,11,0,1,0,0,0,
43,Pd2(dba)3·CHCl3,L_3OMe,DCE,80,AgCl,0.75,K2CO3,13,94,1,0,0,0,
88,Pd(dba)2,L_3OMe,DCE,80,Nothing,Nothing,PMP,13,91,1,0,0,0,
53,Pd(dba)2,L_3OMe,DCE,80,NaI,0.75,K2CO3,17,86,1,0,0,0,
75,Pd(dba)2,L_3OMe,DCE,80,Nothing,Nothing,KOAc,17,87,1,0,0,0,
50,Pd2(dba)3·CHCl3,L_3OMe,DCE,80,Ag3PO4,0.75,K2CO3,18,93,1,0,0,0,
74,Pd(dba)2,L_3OMe,DCE,80,Nothing,Nothing,KOtBu,18,86,1,0,0,0,
27,Pd2(dba)3·CHCl3,L_2OMe,DCM,60,Nothing,Nothing,K2CO3,20,88,1,0,0,0,
16,Pd2(dba)3·CHCl3,L_2OMe,Et2O,120,Nothing,Nothing,K2CO3,22,84,1,0,0,0,
40,Pd(nbd)Cl2,L_3OMe,DCE,80,Nothing,Nothing,K2CO3,23,86,1,0,0,0,
67,Pd(dba)2,L_3OMe,DCE,80,Nothing,Nothing,Cs2CO3,23,87,1,0,0,0,
38,Pd(OAc)2,L_3OMe,DCE,80,Nothing,Nothing,K2CO3,24,81,1,0,0,0,
70,Pd(dba)2,L_3OMe,DCE,80,Nothing,Nothing,NaOtBu,24,88,1,0,0,0,
71,Pd(dba)2,L_3OMe,DCE,80,Nothing,Nothing,CsOPiv,27,89,1,0,0,0,
36,[Pd(dmba)Cl]2,L_3OMe,DCE,80,Nothing,Nothing,K2CO3,29,87,1,0,0,0,
37,[Pd(y-allyl)Cl]2,L_3OMe,DCE,80,Nothing,Nothing,K2CO3,29,87,1,0,0,0,
72,Pd(dba)2,L_3OMe,DCE,80,Nothing,Nothing,KOH,32,86,1,0,0,0,
34,Pd(TFA)2,L_3OMe,DCE,80,Nothing,Nothing,K2CO3,33,84,1,0,0,0,
35,Pd(acac)2,L_3OMe,DCE,80,Nothing,Nothing,K2CO3,33,87,1,0,0,0,
39,[Pd(π-cinnamyl)Cl]2,L_3OMe,DCE,80,Nothing,Nothing,K2CO3,33,85,1,0,0,0,
30,Pd2(dba)3,L_3OMe,DCE,80,Nothing,Nothing,K2CO3,34,88,1,0,0,0,
96,Pd2(dba)3·CHCl3,L_3OMe_CF3,DCE,100,AgI,1,K2CO3,35,87,1,0,0,0,
9,[Pd(y-allyl)Cl]2,L_2OMe,DCM,120,Nothing,Nothing,K2CO3,37,76,1,0,0,0,
54,Pd(dba)2,L_3OMe,DCE,80,KI,0.75,K2CO3,37,88,1,0,0,0,
78,Pd(dba)2,L_3OMe,DCE,80,Nothing,Nothing,K3PO4,37,88,1,0,0,0,
94,Pd2(dba)3·CHCl3,L_3OMe_CF3,DCE,85,AgI,1,K2CO3,37,88,1,0,0,0,
58,Pd(dba)2,L_3OMe,DCE,80,RbI,0.75,K2CO3,40,85,1,0,0,0,
8,[Pd(dmba)Cl]2,L_2OMe,DCM,120,Nothing,Nothing,K2CO3,41,79,1,0,0,0,
12,Pd(nbd)Cl2,L_2OMe,DCM,120,Nothing,Nothing,K2CO3,41,75,1,0,0,0,
52,Pd(dba)2,L_3OMe,DCE,80,CuI,0.75,K2CO3,41,85,1,0,0,0,
29,Pd(dba)2,L_3OMe,DCE,80,Nothing,Nothing,K2CO3,42,87,1,0,0,0,
31,Pd2(dba)3·CHCl3,L_3OMe,DCE,80,Nothing,Nothing,K2CO3,42,86,1,0,0,0,
57,Pd(dba)2,L_3OMe,DCE,80,CsI,0.75,K2CO3,42,86,1,0,0,0,
95,Pd2(dba)3·CHCl3,L_3OMe_CF3,DCE,90,AgI,1,K2CO3,42,87,1,0,0,0,
R1_1,Pd2(dba)3·CHCl3,L_3OMe,DCE,120,Nothing,Nothing,K2CO3,56,81,0,0,0,0,
R1_2,Pd(dba)2,L_3OMe,DCE,100,Nothing,Nothing,K2CO3,11,73,0,0,0,0,
R1_3,Pd(dba)2,L_3OMe_CF3,DCE,120,AgI,1,K2CO3,19,90,0,0,0,0,
R1_4,[Pd(π-cinnamyl)Cl]2,L_2OMe,DCE,120,Nothing,Nothing,K2CO3,14,65,0,0,0,0,
R1_5,Pd2(dba)3·CHCl3,L_3OMe_CF3,DCM,100,Nothing,Nothing,K2CO3,45,60,0,0,0,0,
R1_6,Pd2(dba)3·CHCl3,L_3OMe,DCE,120,AgI,1,KOH,12,79,0,0,0,0,
R1_7,Pd2(dba)3·CHCl3,L_3OMe,DCM,120,Nothing,Nothing,PMP,26,70,0,0,0,0,
R1_8,Pd(acac)2,L_3OMe,DCE,120,Nothing,Nothing,K2CO3,23,83,0,0,0,0,
R1_9,Pd2(dba)3·CHCl3,L_2OMe,CH3CN,120,Nothing,Nothing,K2CO3,62,67,0,0,0,0,
R1_10,Pd2(dba)3·CHCl3,L_2OMe,DCE,120,Nothing,Nothing,K2CO3,71,85,0,1,0,0,
R2_1,Pd2(dba)3·CHCl3,L_3OMe,DCE,80,RbI,1,K2CO3,28,89,0,0,0,0,
R2_2,Pd(TFA)2,L_OMe_2tBu,CH3CN,120,Nothing,Nothing,K3PO4,20,5,0,0,0,0,
R2_3,Pd(dba)2,L_3OMe_CF3,DCE,80,RbI,1,Cs2CO3,37,0,0,0,0,0,
R2_4,Pd2(dba)3·CHCl3,L_3OMe,DCE,80,AgI,1,K2CO3,44,87,0,1,0,0,
R2_5,[Pd(π-cinnamyl)Cl]2,L_2F_2OMe,CH3CN,120,Nothing,Nothing,K3PO4,7,11,0,0,0,0,
R2_6,Pd(dba)2,L_3OMe,DCM,80,NaI,1,K2CO3,19,89,0,0,0,0,
R2_7,[Pd(π-cinnamyl)Cl]2,L_3OMe_CF3,DCM,80,Nothing,Nothing,CsOPiv,39,90,0,0,0,0,
R2_8,Pd(dba)2,L_3OMe_CF3,DCE,80,KI,1,Cs2CO3,40,91,0,0,0,0,
R2_9,Pd2(dba)3·CHCl3,L_3OMe,DCE,80,CuI,1,Cs2CO3,22,90,0,0,0,0,
R3_1,Pd(acac)2,L_3OMe_CF3,DCE,100,Nothing,Nothing,KOAc,33,84,0,0,0,0,
R3_2,Pd(dba)2,L_3OMe_CF3,DCE,80,CuI,1,K2CO3,43,84,0,0,0,0,
R3_3,Pd(dba)2,L_3OMe,DCE,80,AgI,1,K2CO3,60,86,0,0,0,0,
R3_4,Pd2(dba)3·CHCl3,L_3OMe_CF3,DCE,80,AgI,1,K2CO3,49,88,0,0,0,0,
R3_5,Pd(dba)2,L_3OMe_CF3,DCE,80,AgI,1,K2CO3,56,91,0,1,1,0,
R3_6,Pd2(dba)3·CHCl3,L_3OMe_CF3,DCE,100,KI,1,K2CO3,48,82,0,0,0,0,
R3_7,Pd2(dba)3·CHCl3,L_3OMe_CF3,DCE,100,AgI,1,NMeCy2,13,70,0,0,0,0,
R3_8,Pd(acac)2,L_3OMe_CF3,DCM,120,AgI,1,K2CO3,22,89,0,0,0,0,
R3_9,Pd(acac)2,L_3OMe_CF3,DCE,80,CsI,1,Cs2CO3,44,92,0,0,0,0,
R3_10,[Pd(π-cinnamyl)Cl]2,L_OMe_2tBu,THF,80,Nothing,Nothing,Et3N,0,0,0,0,0,0,
R4_1,Pd(dba)2,L_3OMe,DCM,80,CuI,1,K2CO3,41,88,0,0,0,0,
R4_2,Pd2(dba)3·CHCl3,L_2OMe,DCE,120,RbI,1,K2CO3,33,87,0,0,0,0,
R4_3,Pd(dba)2,L_3OMe_CF3,DCM,80,AgI,1,K3PO4,28,97,0,0,0,0,
R4_4,Pd(dba)2,L_3OMe,DCM,80,AgI,1,K3PO4,29,96,0,0,0,0,
R4_5,[Pd(π-cinnamyl)Cl]2,L_OMe_2tBu,CH3CN,100,Nothing,Nothing,PMP,25,89,0,0,0,0,
R4_6,Pd(dba)2,L_3OMe_CF3,DCM,80,AgI,1,K2CO3,28,86,0,0,0,0,
R4_7,Pd2(dba)3·CHCl3,L_3OMe_CF3,DCE,80,CuI,1,KOH,28,60,0,0,0,0,
R4_8,Pd(dba)2,L_3OMe,DCM,80,AgI,1,K2CO3,64,89,0,0,0,0,
R4_9,Pd(dba)2,L_3OMe,DCM,80,CuI,1,K3PO4,70,81,0,1,0,0,
R4_10,Pd(dba)2,L_3OMe_CF3,DCM,80,CuI,1,NMeCy2,56,93,0,0,0,0,
R5_1,Pd2(dba)3·CHCl3,L_3OMe_CF3,DCE,120,Nothing,Nothing,CsOPiv,53,91,0,0,0,0,
R5_2,Pd(dba)2,L_3OMe,DCM,80,CuI,1,NMeCy2,23,95,0,0,0,0,
R5_3,Pd(dba)2,L_3OMe_CF3,DCM,80,CuI,1,K3PO4,76,88,0,1,0,1,
R5_4,Pd2(dba)3·CHCl3,L_2OMe,DCE,80,AgI,1,K2CO3,58,92,0,0,0,0,
R5_5,Pd(dba)2,L_2OMe,DCM,80,CuI,1,NMeCy2,24,84,0,0,0,0,
R5_6,Pd(dba)2,L_3OMe,DCM,120,Nothing,Nothing,K2CO3,24,50,0,0,0,0,
R5_7,Pd(dba)2,L_3OMe_CF3,DCM,80,CuI,1,Cs2CO3,36,92,0,0,0,0,
R5_8,Pd(dba)2,L_2OMe,DCE,80,AgI,1,K2CO3,62,89,0,0,0,0,
R5_9,[Pd(π-cinnamyl)Cl]2,L_3OMe_CF3,DCE,100,Nothing,Nothing,CsOPiv,33,90,0,0,0,0,
R6_1,Pd2(dba)3·CHCl3,L_3OMe_CF3,DCE,120,CsI,1,PMP,14,87,0,0,0,0,
R6_2,Pd2(dba)3·CHCl3,L_2OMe,DCE,120,Nothing,Nothing,CsOPiv,45,90,0,0,0,0,
R6_3,Pd2(dba)3·CHCl3,L_3OMe_CF3,DCE,120,KI,1,CsOPiv,41,94,0,1,0,0,
R6_4,Pd2(dba)3·CHCl3,L_3OMe,DCE,80,AgI,1,K3PO4,17,87,0,0,0,0,
R6_5,Pd(dba)2,L_3OMe_CF3,DCM,80,CuI,1,K2CO3,30,90,0,0,0,0,
R6_6,Pd(dba)2,L_2OMe,DCE,80,CuI,1,K2CO3,86,83,0,0,0,0,
R6_7,Pd(dba)2,L_3OMe,DCM,120,CuI,1,Et3N,11,95,0,0,0,0,
R6_8,Pd2(dba)3·CHCl3,L_3OMe_CF3,DCE,100,KI,1,PMP,20,95,0,0,0,0,
R6_9,Pd(TFA)2,L_OMe_2tBu,DCE,80,Nothing,Nothing,K3PO4,0,0,0,0,0,0,
R7_1,Pd(dba)2,L_2OMe,DCM,80,CuI,1,K3PO4,74,81,0,0,0,0,
R7_2,Pd2(dba)3·CHCl3,L_3OMe_CF3,DCE,120,CsI,1,K2CO3,67,90,0,1,0,0,
R7_3,Pd(dba)2,L_3OMe,CH3CN,100,AgI,1,K2CO3,25,91,0,0,0,0,
R7_4,Pd(dba)2,L_2OMe,DCM,80,CuI,1,K2CO3,34,81,0,0,0,0,
R7_5,Pd(acac)2,L_2F_CF3,DCE,120,Nothing,Nothing,CsOPiv,15,75,0,0,0,0,
R7_6,Pd(dba)2,L_3OMe,DCE,80,CuI,1,K3PO4,79,86,0,0,0,0,
R7_7,Pd2(dba)3·CHCl3,L_2F_CF3,DCE,80,Nothing,Nothing,Cs2CO3,0,0,0,0,0,0,
R7_8,Pd2(dba)3·CHCl3,L_3OMe_CF3,DCE,80,CuI,1,K3PO4,58,88,0,0,0,0,
R7_9,Pd(dba)2,L_3OMe_CF3,DCE,80,CuI,1,CsOPiv,19,96,0,0,0,0,

