Entry,Palladium_Source,Chiral_Ligand,Chiral_Ligand_Loading,Solvent,Temperature,Additive,Additive_Loading,Base,Base_Loading,Yield,Selectivity
5,PdCl2,L_2OMe,20,DCM,120,Nothing,Nothing,K2CO3,3,9,74
8,[Pd(dmba)Cl]2,L_2OMe,20,DCM,120,Nothing,Nothing,K2CO3,3,41,79
9,[Pd(y-allyl)Cl]2,L_2OMe,20,DCM,120,Nothing,Nothing,K2CO3,3,37,76
12,Pd(nbd)Cl2,L_2OMe,20,DCM,120,Nothing,Nothing,K2CO3,3,41,75
13,Pd2(dba)3·CHCl3,L_2OMe,20,Tol,120,Nothing,Nothing,K2CO3,3,0,0
14,Pd2(dba)3·CHCl3,L_2OMe,20,DMF,120,Nothing,Nothing,K2CO3,3,0,0
16,Pd2(dba)3·CHCl3,L_2OMe,20,Et2O,120,Nothing,Nothing,K2CO3,3,22,84
18,Pd2(dba)3·CHCl3,L_2OMe,20,MeOH,120,Nothing,Nothing,K2CO3,3,0,0
21,Pd2(dba)3·CHCl3,L_2OMe,20,DMSO,120,Nothing,Nothing,K2CO3,3,0,0
22,Pd2(dba)3·CHCl3,L_2OMe,20,n-Hexane,120,Nothing,Nothing,K2CO3,3,0,0
24,Pd2(dba)3·CHCl3,L_2OMe,20,TCE,120,Nothing,Nothing,K2CO3,3,0,0
27,Pd2(dba)3·CHCl3,L_2OMe,20,DCM,60,Nothing,Nothing,K2CO3,3,20,88
29,Pd(dba)2,L_3OMe,20,DCE,80,Nothing,Nothing,K2CO3,3,42,87
30,Pd2(dba)3,L_3OMe,20,DCE,80,Nothing,Nothing,K2CO3,3,34,88
31,Pd2(dba)3·CHCl3,L_3OMe,20,DCE,80,Nothing,Nothing,K2CO3,3,42,86
32,[Pd-G3]2,L_3OMe,20,DCE,80,Nothing,Nothing,K2CO3,3,11,0
33,PdCl2,L_3OMe,20,DCE,80,Nothing,Nothing,K2CO3,3,0,0
34,Pd(TFA)2,L_3OMe,20,DCE,80,Nothing,Nothing,K2CO3,3,33,84
35,Pd(acac)2,L_3OMe,20,DCE,80,Nothing,Nothing,K2CO3,3,33,87
36,[Pd(dmba)Cl]2,L_3OMe,20,DCE,80,Nothing,Nothing,K2CO3,3,29,87
37,[Pd(y-allyl)Cl]2,L_3OMe,20,DCE,80,Nothing,Nothing,K2CO3,3,29,87
38,Pd(OAc)2,L_3OMe,20,DCE,80,Nothing,Nothing,K2CO3,3,24,81
39,[Pd(π-cinnamyl)Cl]2,L_3OMe,20,DCE,80,Nothing,Nothing,K2CO3,3,33,85
40,Pd(nbd)Cl2,L_3OMe,20,DCE,80,Nothing,Nothing,K2CO3,3,23,86
41,Pd2(dba)3·CHCl3,L_3OMe,20,DCE,80,AgOTf,0.75,K2CO3,3,0,0
42,Pd2(dba)3·CHCl3,L_3OMe,20,DCE,80,Ag2O,0.75,K2CO3,3,0,84
43,Pd2(dba)3·CHCl3,L_3OMe,20,DCE,80,AgCl,0.75,K2CO3,3,13,94
45,Pd2(dba)3·CHCl3,L_3OMe,20,DCE,80,Ag2SO4,0.75,K2CO3,3,0,76
46,Pd2(dba)3·CHCl3,L_3OMe,20,DCE,80,CH3COOAg,0.75,K2CO3,3,4,90
47,Pd2(dba)3·CHCl3,L_3OMe,20,DCE,80,AgOMs,0.75,K2CO3,3,0,0
48,Pd2(dba)3·CHCl3,L_3OMe,20,DCE,80,Ag2CO3,0.75,K2CO3,3,6,91
49,Pd2(dba)3·CHCl3,L_3OMe,20,DCE,80,AgBF4,0.75,K2CO3,3,0,5
50,Pd2(dba)3·CHCl3,L_3OMe,20,DCE,80,Ag3PO4,0.75,K2CO3,3,18,93
52,Pd(dba)2,L_3OMe,20,DCE,80,CuI,0.75,K2CO3,3,41,85
53,Pd(dba)2,L_3OMe,20,DCE,80,NaI,0.75,K2CO3,3,17,86
54,Pd(dba)2,L_3OMe,20,DCE,80,KI,0.75,K2CO3,3,37,88
55,Pd(dba)2,L_3OMe,20,DCE,80,ZnI2,0.75,K2CO3,3,0,0
56,Pd(dba)2,L_3OMe,20,DCE,80,LiI,0.75,K2CO3,3,10,0
57,Pd(dba)2,L_3OMe,20,DCE,80,CsI,0.75,K2CO3,3,42,86
58,Pd(dba)2,L_3OMe,20,DCE,80,RbI,0.75,K2CO3,3,40,85
59,Pd(dba)2,L_3OMe,20,DCE,80,TBAI,0.75,K2CO3,3,0,0
67,Pd(dba)2,L_3OMe,20,DCE,80,Nothing,Nothing,Cs2CO3,3,23,87
69,Pd(dba)2,L_3OMe,20,DCE,80,Nothing,Nothing,LiOH,3,6,0
70,Pd(dba)2,L_3OMe,20,DCE,80,Nothing,Nothing,NaOtBu,3,24,88
71,Pd(dba)2,L_3OMe,20,DCE,80,Nothing,Nothing,CsOPiv,3,27,89
72,Pd(dba)2,L_3OMe,20,DCE,80,Nothing,Nothing,KOH,3,32,86
73,Pd(dba)2,L_3OMe,20,DCE,80,Nothing,Nothing,LiCO3,3,0,0
74,Pd(dba)2,L_3OMe,20,DCE,80,Nothing,Nothing,KOtBu,3,18,86
75,Pd(dba)2,L_3OMe,20,DCE,80,Nothing,Nothing,KOAc,3,17,87
76,Pd(dba)2,L_3OMe,20,DCE,80,Nothing,Nothing,NaHCO3,3,0,0
77,Pd(dba)2,L_3OMe,20,DCE,80,Nothing,Nothing,K2HPO4,3,4,0
78,Pd(dba)2,L_3OMe,20,DCE,80,Nothing,Nothing,K3PO4,3,37,88
79,Pd(dba)2,L_3OMe,20,DCE,80,Nothing,Nothing,LiOtBu,3,0,0
80,Pd(dba)2,L_3OMe,20,DCE,80,Nothing,Nothing,DABCO,3,0,0
81,Pd(dba)2,L_3OMe,20,DCE,80,Nothing,Nothing,DMAN,3,0,0
82,Pd(dba)2,L_3OMe,20,DCE,80,Nothing,Nothing,NMeCy2,3,9,90
83,Pd(dba)2,L_3OMe,20,DCE,80,Nothing,Nothing,DMAP,3,0,0
84,Pd(dba)2,L_3OMe,20,DCE,80,Nothing,Nothing,DIPEA,3,0,91
85,Pd(dba)2,L_3OMe,20,DCE,80,Nothing,Nothing,Et3N,3,9,90
86,Pd(dba)2,L_3OMe,20,DCE,80,Nothing,Nothing,NMPy,3,0,0
87,Pd(dba)2,L_3OMe,20,DCE,80,Nothing,Nothing,TMG,3,0,91
88,Pd(dba)2,L_3OMe,20,DCE,80,Nothing,Nothing,PMP,3,13,91
89,Pd(dba)2,L_3OMe,20,DCE,80,Nothing,Nothing,DBU,3,0,0
94,Pd2(dba)3·CHCl3,L_3OMe_CF3,20,DCE,85,AgI,1,K2CO3,3,37,88
95,Pd2(dba)3·CHCl3,L_3OMe_CF3,20,DCE,90,AgI,1,K2CO3,3,42,87
96,Pd2(dba)3·CHCl3,L_3OMe_CF3,20,DCE,100,AgI,1,K2CO3,3,35,87
98,Pd2(dba)3·CHCl3,L_OMe_2tBu,20,DCM,80,Nothing,Nothing,K2CO3,3,0,57
R1_1,Pd2(dba)3·CHCl3,L_3OMe,20,DCE,120,Nothing,Nothing,K2CO3,3,56,81
R1_2,Pd(dba)2,L_3OMe,20,DCE,100,Nothing,Nothing,K2CO3,3,11,73
R1_3,Pd(dba)2,L_3OMe_CF3,20,DCE,120,AgI,1,K2CO3,3,19,90
R1_4,[Pd(π-cinnamyl)Cl]2,L_2OMe,20,DCE,120,Nothing,Nothing,K2CO3,3,14,65
R1_5,Pd2(dba)3·CHCl3,L_3OMe_CF3,20,DCM,100,Nothing,Nothing,K2CO3,3,45,60
R1_6,Pd2(dba)3·CHCl3,L_3OMe,20,DCE,120,AgI,1,KOH,3,12,79
R1_7,Pd2(dba)3·CHCl3,L_3OMe,20,DCM,120,Nothing,Nothing,PMP,3,26,70
R1_8,Pd(acac)2,L_3OMe,20,DCE,120,Nothing,Nothing,K2CO3,3,23,83
R1_9,Pd2(dba)3·CHCl3,L_2OMe,20,CH3CN,120,Nothing,Nothing,K2CO3,3,62,67
R1_10,Pd2(dba)3·CHCl3,L_2OMe,20,DCE,120,Nothing,Nothing,K2CO3,3,71,85
R2_1,Pd2(dba)3·CHCl3,L_3OMe,20,DCE,80,RbI,1,K2CO3,3,28,89
R2_2,Pd(TFA)2,L_OMe_2tBu,20,CH3CN,120,Nothing,Nothing,K3PO4,3,20,5
R2_3,Pd(dba)2,L_3OMe_CF3,20,DCE,80,RbI,1,Cs2CO3,3,37,0
R2_4,Pd2(dba)3·CHCl3,L_3OMe,20,DCE,80,AgI,1,K2CO3,3,44,87
R2_5,[Pd(π-cinnamyl)Cl]2,L_2F_2OMe,20,CH3CN,120,Nothing,Nothing,K3PO4,3,7,11
R2_6,Pd(dba)2,L_3OMe,20,DCM,80,NaI,1,K2CO3,3,19,89
R2_7,[Pd(π-cinnamyl)Cl]2,L_3OMe_CF3,20,DCM,80,Nothing,Nothing,CsOPiv,3,39,90
R2_8,Pd(dba)2,L_3OMe_CF3,20,DCE,80,KI,1,Cs2CO3,3,40,91
R2_9,Pd2(dba)3·CHCl3,L_3OMe,20,DCE,80,CuI,1,Cs2CO3,3,22,90
R3_1,Pd(acac)2,L_3OMe_CF3,20,DCE,100,Nothing,Nothing,KOAc,3,33,84
R3_2,Pd(dba)2,L_3OMe_CF3,20,DCE,80,CuI,1,K2CO3,3,43,84
R3_3,Pd(dba)2,L_3OMe,20,DCE,80,AgI,1,K2CO3,3,60,86
R3_4,Pd2(dba)3·CHCl3,L_3OMe_CF3,20,DCE,80,AgI,1,K2CO3,3,49,88
R3_5,Pd(dba)2,L_3OMe_CF3,20,DCE,80,AgI,1,K2CO3,3,56,91
R3_6,Pd2(dba)3·CHCl3,L_3OMe_CF3,20,DCE,100,KI,1,K2CO3,3,48,82
R3_7,Pd2(dba)3·CHCl3,L_3OMe_CF3,20,DCE,100,AgI,1,NMeCy2,3,13,70
R3_8,Pd(acac)2,L_3OMe_CF3,20,DCM,120,AgI,1,K2CO3,3,22,89
R3_9,Pd(acac)2,L_3OMe_CF3,20,DCE,80,CsI,1,Cs2CO3,3,44,92
R3_10,[Pd(π-cinnamyl)Cl]2,L_OMe_2tBu,20,THF,80,Nothing,Nothing,Et3N,3,0,0
R4_1,Pd(dba)2,L_3OMe,20,DCM,80,CuI,1,K2CO3,3,41,88
R4_2,Pd2(dba)3·CHCl3,L_2OMe,20,DCE,120,RbI,1,K2CO3,3,33,87
R4_3,Pd(dba)2,L_3OMe_CF3,20,DCM,80,AgI,1,K3PO4,3,28,97
R4_4,Pd(dba)2,L_3OMe,20,DCM,80,AgI,1,K3PO4,3,29,96
R4_5,[Pd(π-cinnamyl)Cl]2,L_OMe_2tBu,20,CH3CN,100,Nothing,Nothing,PMP,3,25,89
R4_6,Pd(dba)2,L_3OMe_CF3,20,DCM,80,AgI,1,K2CO3,3,28,86
R4_7,Pd2(dba)3·CHCl3,L_3OMe_CF3,20,DCE,80,CuI,1,KOH,3,28,60
R4_8,Pd(dba)2,L_3OMe,20,DCM,80,AgI,1,K2CO3,3,64,89
R4_9,Pd(dba)2,L_3OMe,20,DCM,80,CuI,1,K3PO4,3,70,81
R4_10,Pd(dba)2,L_3OMe_CF3,20,DCM,80,CuI,1,NMeCy2,3,56,93
R5_1,Pd2(dba)3·CHCl3,L_3OMe_CF3,20,DCE,120,Nothing,Nothing,CsOPiv,3,53,91
R5_2,Pd(dba)2,L_3OMe,20,DCM,80,CuI,1,NMeCy2,3,23,95
R5_3,Pd(dba)2,L_3OMe_CF3,20,DCM,80,CuI,1,K3PO4,3,76,88
R5_4,Pd2(dba)3·CHCl3,L_2OMe,20,DCE,80,AgI,1,K2CO3,3,58,92
R5_5,Pd(dba)2,L_2OMe,20,DCM,80,CuI,1,NMeCy2,3,24,84
R5_6,Pd(dba)2,L_3OMe,20,DCM,120,Nothing,Nothing,K2CO3,3,24,50
R5_7,Pd(dba)2,L_3OMe_CF3,20,DCM,80,CuI,1,Cs2CO3,3,36,92
R5_8,Pd(dba)2,L_2OMe,20,DCE,80,AgI,1,K2CO3,3,62,89
R5_9,[Pd(π-cinnamyl)Cl]2,L_3OMe_CF3,20,DCE,100,Nothing,Nothing,CsOPiv,3,33,90
